"customer_id","date","location","category","sub_category","channel","tone_urgency","message"
"CUST-14165","3050-06-15","Doylestown, PA","Delivery","Late delivery","Website","Moderate","The delivery estimate kept changing and my food arrived much later than promised. This was especially frustrating because I was ordering during my lunch break."
"CUST-87236","2025-02-31","Willow Grove, PA","Food Quality","Incorrect preparation","DoorDash","Low","My churros was prepared completely differently from what I ordered. The receipt and order confirmation both show what I originally requested."
"CUST-22676","3050-06-15","King of Prussia, PA","Cleanliness","Dining area","Website","Low","Several tables were dirty and had not been wiped down. I have ordered from Taco Alley before and expected better."
"CUST-91070","2025-02-31","King of Prussia, PA","Cleanliness","Food handling","Email","High","The food preparation area did not look clean. Please contact me about a refund or replacement."
"CUST-69429","3050-06-15","King of Prussia, PA","Delivery","Wrong address/dropoff","Website","Moderate","The driver left my order at the wrong house."
"CUST-59735","2025-02-31","Willow Grove, PA","Food Quality","Stale ingredients","Phone","Low","The ingredients in my breakfast burrito did not taste fresh."
"CUST-37653","3050-06-15","Cherry Hill, NJ","Product Availability","Out of stock","DoorDash","Low","I came specifically for the fish tacos, but it was sold out."
"CUST-28301","2025-02-31","Lansdale, PA","App & Online Ordering","Order not received","Uber Eats","Low","I placed and paid for an online order, but the store said they never received it."
"CUST-21915","2025-11-21","Doylestown, PA","Billing & Pricing","Duplicate charge","Mobile App","Critical","I see two identical charges for one purchase."
"CUST-82512","2026-06-02","Doylestown, PA","App & Online Ordering","App error","Uber Eats","","The mobile app would not let me complete checkout. Please contact me about a refund or replacement."
"CUST-44522","2025-10-20","Princeton, NJ","Billing & Pricing","Overcharged","Uber Eats","ASAP","My total was incorrect and I appear to have been overcharged. Please contact me about a refund or replacement."
"CUST-80697","2025-10-18","Princeton, NJ","Billing & Pricing","Duplicate charge","Google Review","Med","My card was charged twice for the same order."
"CUST-84364","2026-01-05","New Britain, PA","App & Online Ordering","Menu mismatch","Phone","N/A","Prices in the app did not match the prices at the store."
"CUST-89507","2026-05-09","Philadelphia, PA","Food Quality","Undercooked/overcooked","Mobile App","Later","The street corn was badly overcooked and dry."
"CUST-39451","2026-04-22","New Britain, PA","Product Availability","Out of stock","Uber Eats","Unknown","I came specifically for the rice bowl, but it was sold out."
"CUST-14117","2025-08-31","King of Prussia, PA","Order Accuracy","Customization ignored","Phone","Immediate","My dietary customization (gluten-free preparation) was not honored. The receipt and order confirmation both show what I originally requested."
"CUST-71993","2026-08-06","Philadelphia, PA","Food Quality","Incorrect preparation","Uber Eats","Severe","The kitchen ignored my request for extra guacamole."
"CUST-94696","2026-08-09","New Britain, PA","Food Quality","Cold food","In-store","none","Everything in my order was lukewarm, especially the chips and queso."
"CUST-70637","2025-10-11","Lansdale, PA","Food Quality","Stale ingredients","DoorDash","H","The ingredients in my nachos did not taste fresh."
"CUST-40982","2026-05-04","Warrington, PA","App & Online Ordering","App error","In-store","lowish","I kept getting an error when adding items to my cart."
"CUST-69638","2026-02-16","Willow Grove, PA","Service","Slow service","Email","urgent!","I waited 25 minutes for a simple order."
"CUST-17492","2025-08-30","Doylestown, PA","Service","Ignored customer","In-store","Moderate",""
"CUST-40828","2025-09-05","Philadelphia, PA","Delivery","Wrong address/dropoff","Website","High",""
"CUST-36772","2026-05-26","King of Prussia, PA","Food Quality","Portion size","Google Review","High",""
"CUST-83792","2025-08-05","New Britain, PA","Order Accuracy","Wrong item","Uber Eats","Moderate",""
"CUST-12A45","2025-12-04","Princeton, NJ","Food Quality","Incorrect preparation","Google Review","Low","My rice bowl was prepared completely differently from what I ordered."
"CUST12345","2025-09-23","Princeton, NJ","Billing & Pricing","Duplicate charge","Mobile App","Moderate","The payment failed in the app, but I was still charged twice. The receipt and order confirmation both show what I originally requested."
"cust-54321","2025-12-14","New Britain, PA","Food Quality","Stale ingredients","Uber Eats","Low","The nachos tasted like it had been made with yesterday's ingredients."
"CUST-1234","2025-12-13","Philadelphia, PA","Delivery","Damaged/spilled","Mobile App","Moderate","The bag arrived soaked because the salsa container spilled everywhere."
"CLIENT-99999","2026-05-26","Willow Grove, PA","Delivery","Late delivery","Mobile App","Moderate","My delivery arrived 60 minutes later than the estimate. I tried to resolve it at the restaurant but did not get much help."
"CUST-ABCDE","2026-05-14","Lansdale, PA","Order Accuracy","Missing item","DoorDash","Urgent","I paid for a nachos, but it was not in the bag."
"CUST--12345","2026-02-27","Philadelphia, PA","App & Online Ordering","App error","Phone","Low","I kept getting an error when adding items to my cart."
"BROKEN-ID","2025-11-23","King of Prussia, PA","App & Online Ordering","Order not received","In-store","Moderate","I placed and paid for an online order, but the store said they never received it. I have ordered from Taco Alley before and expected better."
"CUST-44237","2025-08-15","Warrington, PA","Order Accuracy","Missing item","Website","High","I paid for a fish tacos, but it was not in the bag."
"CUST-77033","2026-01-08","New Britain, PA","Delivery","Damaged/spilled","DoorDash","Moderate","The bag arrived soaked because the salsa container spilled everywhere."
"CUST-19171","2026-07-18","King of Prussia, PA","Order Accuracy","Customization ignored","Phone","Moderate","I requested no cheese, but that customization was ignored. I hope this can be addressed before my next visit."
"CUST-82667","2026-01-15","Warrington, PA","Delivery","Wrong address/dropoff","DoorDash","High","The driver left my order at the wrong house. Please contact me about a refund or replacement."
"CUST-37549","2026-02-24","Philadelphia, PA","Food Quality","Undercooked/overcooked","In-store","Moderate","The meat in the taco salad was cooked far too long and was tough."
"CUST-32241","2025-11-18","New Britain, PA","Cleanliness","Food handling","Uber Eats","High","I was concerned by the way employees were handling ready-to-eat ingredients."
"CUST-36100","2025-11-29","Warrington, PA","Order Accuracy","Customization ignored","Email","Low","My dietary customization (mild salsa) was not honored."
"CUST-60328","2026-06-19","Allentown, PA","Food Quality","Incorrect preparation","Phone","Moderate","The kitchen ignored my request for no onions."
"CUST-77889","2025-11-21","Allentown, PA","Order Accuracy","Missing item","Mobile App","High","We got home and realized one of the taco salad items was missing."
"CUST-68008","2026-05-14","Cherry Hill, NJ","Food Quality","Incorrect preparation","Google Review","High","I asked for extra salsa, but the guacamole was made incorrectly."
"CUST-42406","2026-04-01","Willow Grove, PA","Cleanliness","Food handling","Uber Eats","Moderate","The food preparation area did not look clean."
"CUST-54020","2026-08-01","King of Prussia, PA","Billing & Pricing","Duplicate charge","Email","Moderate","I see two identical charges for one purchase."
"CUST-63424","2026-07-28","King of Prussia, PA","App & Online Ordering","App error","Phone","Low","The app crashed while I was trying to place my order."
"CUST-85456","2026-05-27","Philadelphia, PA","Service","Slow service","In-store","High","I waited 45 minutes for a simple order."
"CUST-45774","2026-05-07","Philadelphia, PA","Service","Slow service","Phone","Moderate","Service was extremely slow even though the restaurant was not busy."
"CUST-87580","2025-10-05","Cherry Hill, NJ","Service","Slow service","In-store","High","Service was extremely slow even though the restaurant was not busy."
"CUST-52840","2026-02-11","King of Prussia, PA","Delivery","Late delivery","Google Review","Low","The delivery estimate kept changing and my food arrived much later than promised. I tried to resolve it at the restaurant but did not get much help."
"CUST-55870","2026-05-04","Lansdale, PA","Billing & Pricing","Promotion not applied","In-store","Urgent","I used a valid coupon, but the discount was not reflected in my total."
"CUST-72070","2026-06-15","New Britain, PA","Delivery","Wrong address/dropoff","Mobile App","Moderate","The driver left my order at the wrong house."
"CUST-31465","2026-08-03","Willow Grove, PA","Delivery","Late delivery","Website","High","The order was very late and the food was cold by the time it arrived. I hope this can be addressed before my next visit."
"CUST-92213","2025-11-10","Lansdale, PA","Food Quality","Cold food","Website","Moderate","The churros tasted like it had been sitting out for a while."
"CUST-19038","2026-01-25","Princeton, NJ","Food Quality","Stale ingredients","DoorDash","Moderate","The churros tasted like it had been made with yesterday's ingredients."
"CUST-67080","2026-06-22","Warrington, PA","Delivery","Late delivery","Uber Eats","Moderate","The order was very late and the food was cold by the time it arrived."
"CUST-42177","2026-08-10","New Britain, PA","Billing & Pricing","Duplicate charge","Email","Moderate","I see two identical charges for one purchase."
"CUST-43862","2025-11-02","King of Prussia, PA","Order Accuracy","Wrong item","Uber Eats","Low","I ordered a guacamole, but received a completely different item. I tried to resolve it at the restaurant but did not get much help."
"CUST-74038","2025-09-13","Princeton, NJ","Order Accuracy","Customization ignored","Phone","Moderate","My dietary customization (no cheese) was not honored."
"CUST-41890","2025-09-17","Willow Grove, PA","Billing & Pricing","Duplicate charge","Email","Moderate","I see two identical charges for one purchase."
"CUST-69473","2026-05-09","Willow Grove, PA","Delivery","Damaged/spilled","Google Review","Moderate","My street corn was crushed during delivery."
"CUST-73464","2026-07-20","Willow Grove, PA","Order Accuracy","Missing item","Mobile App","Low","My order was missing the taco salad. I hope this can be addressed before my next visit."
"CUST-80010","2025-10-31","Warrington, PA","Billing & Pricing","Duplicate charge","Email","Low","The payment failed in the app, but I was still charged twice. I tried to resolve it at the restaurant but did not get much help."
"CUST-67733","2026-05-21","King of Prussia, PA","Order Accuracy","Missing item","Email","Moderate","We got home and realized one of the rice bowl items was missing. This was especially frustrating because I was ordering during my lunch break."
"CUST-83772","2025-09-07","Willow Grove, PA","Food Quality","Cold food","In-store","Low","The guacamole tasted like it had been sitting out for a while."
"CUST-59856","2026-06-13","Allentown, PA","Food Quality","Incorrect preparation","Phone","High","I asked for no cilantro, but the street corn was made incorrectly."
"CUST-37235","2026-06-09","Lansdale, PA","App & Online Ordering","Order not received","Website","High","My online order disappeared even though my payment went through."
"CUST-71592","2026-02-26","Willow Grove, PA","Order Accuracy","Missing item","Uber Eats","Moderate","My order was missing the nachos. This was especially frustrating because I was ordering during my lunch break."
"CUST-81376","2025-12-14","Lansdale, PA","Food Quality","Stale ingredients","Phone","Moderate","The rice bowl tasted like it had been made with yesterday's ingredients."
"CUST-71433","2026-06-01","Willow Grove, PA","Delivery","Damaged/spilled","Email","Moderate","The bag arrived soaked because the salsa container spilled everywhere."
"CUST-13390","2026-03-10","New Britain, PA","Billing & Pricing","Promotion not applied","Google Review","Moderate","The app showed a deal, but the restaurant would not honor it. This was especially frustrating because I was ordering during my lunch break."
"CUST-67963","2025-10-29","Willow Grove, PA","Order Accuracy","Customization ignored","Uber Eats","Moderate","My dietary customization (no cheese) was not honored."
"CUST-23710","2026-02-26","Warrington, PA","Food Quality","Portion size","Google Review","Low","There was barely any filling in my breakfast burrito."
"CUST-62976","2026-01-09","Princeton, NJ","Order Accuracy","Customization ignored","Email","Low","The order clearly said no cilantro, and the restaurant did not follow it. This was especially frustrating because I was ordering during my lunch break."
"CUST-16764","2026-02-02","Lansdale, PA","Cleanliness","Dining area","Uber Eats","Moderate","The seating area looked like it had not been cleaned in hours. I hope this can be addressed before my next visit."
"CUST-50730","2026-06-08","Princeton, NJ","Order Accuracy","Missing item","Phone","Moderate","I paid for a guacamole, but it was not in the bag. The receipt and order confirmation both show what I originally requested."
"CUST-48254","2026-06-28","Princeton, NJ","Food Quality","Undercooked/overcooked","Mobile App","High","The nachos was badly overcooked and dry."
"CUST-76616","2026-02-13","Warrington, PA","Billing & Pricing","Promotion not applied","Phone","High","I used a valid coupon, but the discount was not reflected in my total."
"CUST-68529","2026-05-28","Princeton, NJ","App & Online Ordering","Order not received","Uber Eats","High","The app confirmed my order, but the restaurant had no record of it. I tried to resolve it at the restaurant but did not get much help."
"CUST-40613","2025-11-05","Philadelphia, PA","Service","Slow service","Phone","Moderate","It took 50 minutes before my order was ready."
"CUST-87356","2025-08-19","King of Prussia, PA","Food Quality","Undercooked/overcooked","Mobile App","High","The meat in the chips and queso was cooked far too long and was tough."
"CUST-44737","2026-02-26","King of Prussia, PA","App & Online Ordering","Order not received","Mobile App","Low","I placed and paid for an online order, but the store said they never received it."
"CUST-14705","2026-01-10","Cherry Hill, NJ","Delivery","Damaged/spilled","Uber Eats","High","The delivery bag was damaged and food had spilled inside it."
"CUST-49251","2026-06-21","Doylestown, PA","Food Quality","Stale ingredients","Website","Moderate","The ingredients in my taco salad did not taste fresh."
"CUST-20350","2026-02-27","Cherry Hill, NJ","Food Quality","Cold food","Mobile App","Low","The fish tacos tasted like it had been sitting out for a while. I hope this can be addressed before my next visit."
"CUST-97404","2026-06-23","Doylestown, PA","App & Online Ordering","Menu mismatch","Email","Moderate","The online menu showed options that this location does not carry. Please contact me about a refund or replacement."
"CUST-65615","2026-01-24","Willow Grove, PA","App & Online Ordering","Order not received","Email","Moderate","The app confirmed my order, but the restaurant had no record of it."
"CUST-48696","2026-01-31","Doylestown, PA","Service","Slow service","Email","Urgent","I waited 20 minutes for a simple order. I hope this can be addressed before my next visit."
"CUST-56179","2025-12-25","Lansdale, PA","Product Availability","Substitution","Phone","Moderate","The restaurant replaced my chicken tacos without contacting me."
"CUST-67779","2026-06-27","Doylestown, PA","Delivery","Wrong address/dropoff","In-store","Moderate","My order was marked delivered, but it was not at my door."
"CUST-80701","2025-10-29","King of Prussia, PA","Delivery","Wrong address/dropoff","Phone","Moderate","The driver left my order at the wrong house."
"CUST-19869","2026-01-21","Warrington, PA","Service","Slow service","Website","Moderate","I waited 35 minutes for a simple order."
"CUST-26199","2026-02-19","Allentown, PA","Billing & Pricing","Overcharged","In-store","Low","My total was incorrect and I appear to have been overcharged."
"CUST-83584","2026-03-30","King of Prussia, PA","Order Accuracy","Customization ignored","In-store","Moderate","My dietary customization (no cilantro) was not honored. I have ordered from Taco Alley before and expected better."
"CUST-14877","2025-09-29","Willow Grove, PA","App & Online Ordering","App error","Mobile App","Low","The mobile app would not let me complete checkout."
"CUST-30253","2026-07-10","Philadelphia, PA","Product Availability","Out of stock","DoorDash","Moderate","The restaurant was out of nachos again."
"CUST-40947","2025-11-20","King of Prussia, PA","Delivery","Damaged/spilled","Uber Eats","Moderate","The delivery bag was damaged and food had spilled inside it."
"CUST-69600","2025-11-06","New Britain, PA","Food Quality","Stale ingredients","Website","High","The breakfast burrito tasted like it had been made with yesterday's ingredients."
"CUST-36896","2025-12-03","New Britain, PA","Delivery","Wrong address/dropoff","Mobile App","High","The delivery photo showed a location that was not my address."
"CUST-28964","2025-10-15","Warrington, PA","Cleanliness","Food handling","In-store","Moderate","I saw an employee handle food and then touch the register without changing gloves."
"CUST-44782","2026-05-29","Doylestown, PA","Service","Rude staff","Google Review","Low","The employee at the counter was dismissive when I asked about my order. I have ordered from Taco Alley before and expected better."
"CUST-39038","2026-02-02","Cherry Hill, NJ","Food Quality","Undercooked/overcooked","Website","High","The meat in the steak burrito was cooked far too long and was tough."
"CUST-74260","2026-02-22","Allentown, PA","Food Quality","Portion size","DoorDash","Moderate","There was barely any filling in my guacamole."
"CUST-88301","2026-06-21","Princeton, NJ","Food Quality","Cold food","Google Review","Moderate","The churros tasted like it had been sitting out for a while. I hope this can be addressed before my next visit."
"CUST-39949","2026-06-30","Philadelphia, PA","Order Accuracy","Customization ignored","Phone","Moderate","My dietary customization (no onions) was not honored."
"CUST-30006","2026-07-07","Allentown, PA","Order Accuracy","Wrong item","Email","Moderate","The bag had someone else's chips and queso instead of mine."
"CUST-83608","2026-05-12","Princeton, NJ","Food Quality","Cold food","In-store","Moderate","My chips and queso was cold when I received it."
"CUST-85748","2026-06-04","Princeton, NJ","Order Accuracy","Missing item","Email","Moderate","I paid for a fish tacos, but it was not in the bag."
"CUST-83526","2025-12-21","Cherry Hill, NJ","Food Quality","Undercooked/overcooked","Phone","High","The steak burrito was badly overcooked and dry."
"CUST-33777","2026-01-06","Warrington, PA","Delivery","Wrong address/dropoff","Google Review","Moderate","The delivery photo showed a location that was not my address. The receipt and order confirmation both show what I originally requested."
"CUST-54681","2025-11-19","Warrington, PA","Delivery","Damaged/spilled","DoorDash","Moderate","The bag arrived soaked because the salsa container spilled everywhere."
"CUST-96761","2025-08-26","Philadelphia, PA","Order Accuracy","Customization ignored","Website","Low","The order clearly said no onions, and the restaurant did not follow it. I hope this can be addressed before my next visit."
"CUST-87743","2025-09-26","Allentown, PA","Service","Slow service","Email","Moderate","Service was extremely slow even though the restaurant was not busy. Please contact me about a refund or replacement."
"CUST-43491","2026-01-02","Willow Grove, PA","Service","Slow service","Phone","Moderate","I waited 75 minutes for a simple order. I have ordered from Taco Alley before and expected better."
"CUST-97562","2026-07-27","King of Prussia, PA","Order Accuracy","Missing item","Phone","Moderate","I paid for a taco salad, but it was not in the bag. I hope this can be addressed before my next visit."
"CUST-93904","2026-05-22","Philadelphia, PA","Food Quality","Cold food","DoorDash","Moderate","The chicken tacos tasted like it had been sitting out for a while."
"CUST-23875","2026-07-20","Lansdale, PA","Order Accuracy","Wrong item","Google Review","Low","I ordered a fish tacos, but received a completely different item."
"CUST-20011","2025-11-22","Princeton, NJ","Service","Slow service","Google Review","High","It took 35 minutes before my order was ready."
"CUST-29194","2026-06-27","Willow Grove, PA","Delivery","Wrong address/dropoff","Mobile App","Moderate","The delivery photo showed a location that was not my address."
"CUST-83889","2026-06-18","Cherry Hill, NJ","Food Quality","Portion size","Uber Eats","Moderate","The portion of breakfast burrito was much smaller than I expected for the price."
"CUST-46002","2026-03-29","Cherry Hill, NJ","Service","Ignored customer","Uber Eats","Moderate","I had to ask three times before someone would check on my order. This was especially frustrating because I was ordering during my lunch break."
"CUST-21835","2025-12-25","Cherry Hill, NJ","Food Quality","Portion size","Website","Moderate","The portion of rice bowl was much smaller than I expected for the price. I tried to resolve it at the restaurant but did not get much help."
"CUST-72341","2026-05-20","Princeton, NJ","Delivery","Damaged/spilled","Phone","Low","My churros was crushed during delivery."
"CUST-67377","2025-10-28","Allentown, PA","Food Quality","Cold food","In-store","Low","The steak burrito tasted like it had been sitting out for a while."
"CUST-94843","2026-01-21","King of Prussia, PA","Service","Ignored customer","In-store","High","I stood at the counter for several minutes before anyone acknowledged me."
"CUST-86380","2026-06-05","Warrington, PA","Food Quality","Cold food","Mobile App","Low","Everything in my order was lukewarm, especially the breakfast burrito. The receipt and order confirmation both show what I originally requested."
"CUST-94343","2025-09-13","King of Prussia, PA","App & Online Ordering","Order not received","Email","Moderate","My online order disappeared even though my payment went through."
"CUST-38074","2025-08-10","King of Prussia, PA","Cleanliness","Food handling","Google Review","Moderate","I was concerned by the way employees were handling ready-to-eat ingredients."
"CUST-91006","2026-04-17","Warrington, PA","Product Availability","Substitution","In-store","Moderate","My order included a substitution I was never asked to approve. This was especially frustrating because I was ordering during my lunch break."
"CUST-90031","2026-07-13","Willow Grove, PA","Delivery","Late delivery","Phone","Urgent","My delivery arrived 50 minutes later than the estimate. I tried to resolve it at the restaurant but did not get much help."
"CUST-84766","2026-03-29","Allentown, PA","Billing & Pricing","Promotion not applied","Phone","Moderate","The advertised promotion did not apply at checkout."
"CUST-16839","2026-06-06","Allentown, PA","Service","Slow service","Mobile App","High","Service was extremely slow even though the restaurant was not busy."
"CUST-29313","2025-12-18","Philadelphia, PA","App & Online Ordering","Menu mismatch","Uber Eats","High","The app let me order an item that the restaurant said was unavailable. I have ordered from Taco Alley before and expected better."
"CUST-20696","2026-02-08","King of Prussia, PA","Food Quality","Incorrect preparation","Phone","Moderate","The kitchen ignored my request for no cheese. I hope this can be addressed before my next visit."
"CUST-71487","2026-03-30","Allentown, PA","Order Accuracy","Wrong item","Mobile App","Moderate","I ordered a taco salad, but received a completely different item. I tried to resolve it at the restaurant but did not get much help."
"CUST-47762","2026-08-08","Lansdale, PA","Delivery","Late delivery","DoorDash","Low","My delivery arrived 25 minutes later than the estimate."
"CUST-85372","2026-06-02","Lansdale, PA","Order Accuracy","Missing item","In-store","Moderate","My order was missing the chips and queso. Please contact me about a refund or replacement."
"CUST-57265","2025-11-04","New Britain, PA","Billing & Pricing","Promotion not applied","Website","Moderate","I used a valid coupon, but the discount was not reflected in my total."
"CUST-18855","2025-12-08","King of Prussia, PA","Product Availability","Out of stock","In-store","Moderate","Several menu items were unavailable when I tried to order."
"CUST-99742","2026-01-21","Allentown, PA","Order Accuracy","Customization ignored","Mobile App","High","My dietary customization (mild salsa) was not honored. I hope this can be addressed before my next visit."
"CUST-15741","2026-03-23","Lansdale, PA","Product Availability","Substitution","In-store","Low","I would rather have received a refund than an unrequested substitution."
"CUST-16265","2025-08-19","King of Prussia, PA","App & Online Ordering","Order not received","Phone","Low","The app confirmed my order, but the restaurant had no record of it."
"CUST-58148","2025-11-04","Princeton, NJ","Order Accuracy","Wrong item","Uber Eats","Moderate","The bag had someone else's chips and queso instead of mine."
"CUST-20494","2025-11-01","King of Prussia, PA","Order Accuracy","Missing item","Email","Low","We got home and realized one of the chips and queso items was missing."
"CUST-56210","2026-01-27","Cherry Hill, NJ","Delivery","Damaged/spilled","Uber Eats","Low","My churros was crushed during delivery."
"CUST-28714","2026-07-14","Cherry Hill, NJ","Product Availability","Substitution","Mobile App","High","I would rather have received a refund than an unrequested substitution."
"CUST-84349","2026-02-04","Doylestown, PA","Billing & Pricing","Promotion not applied","Google Review","Moderate","The advertised promotion did not apply at checkout."
"CUST-62171","2026-05-21","King of Prussia, PA","Delivery","Wrong address/dropoff","Mobile App","High","My order was marked delivered, but it was not at my door."
"CUST-44116","2026-05-15","Allentown, PA","Delivery","Late delivery","Website","Low","My delivery arrived 50 minutes later than the estimate."
"CUST-68341","2026-03-20","New Britain, PA","Food Quality","Portion size","Mobile App","High","There was barely any filling in my taco salad. This was especially frustrating because I was ordering during my lunch break."
"CUST-93584","2026-01-01","Warrington, PA","Cleanliness","Restroom","Mobile App","Moderate","The restroom was in poor condition and supplies were empty."
"CUST-58353","2025-08-14","Allentown, PA","Cleanliness","Food handling","Google Review","High","I saw an employee handle food and then touch the register without changing gloves. Please contact me about a refund or replacement."
"CUST-63665","2026-08-04","Cherry Hill, NJ","Cleanliness","Food handling","Uber Eats","High","I saw an employee handle food and then touch the register without changing gloves. The receipt and order confirmation both show what I originally requested."
"CUST-82260","2026-01-24","Cherry Hill, NJ","Food Quality","Stale ingredients","Mobile App","High","The steak burrito tasted like it had been made with yesterday's ingredients."
"CUST-39552","2026-01-03","King of Prussia, PA","Food Quality","Incorrect preparation","Mobile App","Low","The kitchen ignored my request for no cheese."
"CUST-32103","2026-01-03","Cherry Hill, NJ","Product Availability","Substitution","Website","Moderate","My order included a substitution I was never asked to approve. The receipt and order confirmation both show what I originally requested."
"CUST-85598","2025-09-11","Willow Grove, PA","Product Availability","Out of stock","In-store","High","The restaurant was out of breakfast burrito again. This was especially frustrating because I was ordering during my lunch break."
"CUST-49596","2026-05-07","Allentown, PA","Delivery","Wrong address/dropoff","Email","High","My order was marked delivered, but it was not at my door."
"CUST-70875","2025-10-20","Lansdale, PA","Order Accuracy","Customization ignored","Uber Eats","Moderate","The order clearly said extra guacamole, and the restaurant did not follow it."
"CUST-23917","2025-10-06","King of Prussia, PA","Order Accuracy","Missing item","Google Review","Moderate","I paid for a taco salad, but it was not in the bag."
"CUST-30932","2026-02-13","King of Prussia, PA","Order Accuracy","Missing item","DoorDash","Low","I paid for a guacamole, but it was not in the bag. I tried to resolve it at the restaurant but did not get much help."
"CUST-75191","2026-03-28","Doylestown, PA","App & Online Ordering","Menu mismatch","Uber Eats","High","Prices in the app did not match the prices at the store."
"CUST-88317","2025-08-25","Allentown, PA","Food Quality","Undercooked/overcooked","In-store","Moderate","The meat in the guacamole was cooked far too long and was tough."
"CUST-16705","2026-02-23","Cherry Hill, NJ","Order Accuracy","Missing item","Google Review","Low","My order was missing the chips and queso."
"CUST-91689","2026-05-09","Cherry Hill, NJ","Delivery","Damaged/spilled","Email","High","The delivery bag was damaged and food had spilled inside it."
"CUST-62610","2025-10-13","Princeton, NJ","Food Quality","Cold food","Phone","Moderate","The fish tacos tasted like it had been sitting out for a while."
"CUST-90356","2025-10-16","King of Prussia, PA","Food Quality","Cold food","Mobile App","Low","My taco salad was cold when I received it."
"CUST-49294","2026-04-30","Allentown, PA","Food Quality","Portion size","Uber Eats","Moderate","The serving size has gotten noticeably smaller."
"CUST-44803","2026-08-07","Cherry Hill, NJ","Cleanliness","Restroom","In-store","Moderate","The bathroom needed immediate cleaning."
"CUST-99224","2026-08-05","Lansdale, PA","Delivery","Wrong address/dropoff","DoorDash","Moderate","The driver left my order at the wrong house."
"CUST-90147","2026-02-28","Allentown, PA","Food Quality","Cold food","Phone","Moderate","My chicken tacos was cold when I received it."
"CUST-51124","2026-07-06","Warrington, PA","App & Online Ordering","Menu mismatch","Uber Eats","Moderate","The online menu showed options that this location does not carry. I tried to resolve it at the restaurant but did not get much help."
"CUST-49124","2025-11-07","Lansdale, PA","Service","Ignored customer","Phone","Low","Multiple employees walked past me without offering help."
"CUST-85166","2026-05-14","Princeton, NJ","Product Availability","Substitution","Email","Low","The restaurant replaced my taco salad without contacting me. I tried to resolve it at the restaurant but did not get much help."
"CUST-95979","2025-09-10","Willow Grove, PA","Order Accuracy","Wrong item","Google Review","High","The bag had someone else's quesadilla instead of mine. The receipt and order confirmation both show what I originally requested."
"CUST-86917","2025-10-10","Lansdale, PA","Billing & Pricing","Overcharged","Website","Moderate","I was charged more than the price shown on the menu."
"CUST-28018","2026-08-03","Doylestown, PA","Order Accuracy","Customization ignored","Uber Eats","Low","My dietary customization (gluten-free preparation) was not honored. I tried to resolve it at the restaurant but did not get much help."
"CUST-17754","2025-12-26","New Britain, PA","Product Availability","Out of stock","Google Review","Low","Several menu items were unavailable when I tried to order."
"CUST-62034","2025-10-30","Allentown, PA","Delivery","Late delivery","In-store","Urgent","The delivery estimate kept changing and my food arrived much later than promised."
"CUST-94058","2026-01-19","Princeton, NJ","Food Quality","Stale ingredients","Email","Moderate","The ingredients in my chicken tacos did not taste fresh."
"CUST-94972","2026-01-17","Willow Grove, PA","Service","Rude staff","Mobile App","Moderate","Customer service was poor and the cashier was unnecessarily disrespectful."
"CUST-93719","2025-11-07","Philadelphia, PA","Billing & Pricing","Overcharged","Mobile App","Moderate","My total was incorrect and I appear to have been overcharged."
"CUST-10895","2026-04-02","Willow Grove, PA","Cleanliness","Food handling","Google Review","Urgent","The food preparation area did not look clean. I have ordered from Taco Alley before and expected better."
"CUST-40972","2025-08-06","Doylestown, PA","Order Accuracy","Wrong item","Email","Moderate","The bag had someone else's fish tacos instead of mine."
"CUST-93717","2026-07-27","Willow Grove, PA","Delivery","Damaged/spilled","Email","Moderate","My quesadilla was crushed during delivery."
"CUST-81989","2026-06-07","Allentown, PA","Order Accuracy","Missing item","Google Review","Moderate","My order was missing the quesadilla."
"CUST-83946","2026-07-27","New Britain, PA","Billing & Pricing","Duplicate charge","Google Review","Low","My card was charged twice for the same order."
"CUST-36922","2026-04-24","Cherry Hill, NJ","Food Quality","Portion size","Uber Eats","Low","The serving size has gotten noticeably smaller."
"CUST-98181","2026-03-22","Willow Grove, PA","Service","Ignored customer","In-store","Moderate","Multiple employees walked past me without offering help."
"CUST-17897","2026-01-24","New Britain, PA","Billing & Pricing","Promotion not applied","Website","Moderate","I used a valid coupon, but the discount was not reflected in my total. Please contact me about a refund or replacement."
"CUST-60132","2026-06-25","Allentown, PA","Product Availability","Substitution","DoorDash","Moderate","My order included a substitution I was never asked to approve."
"CUST-39188","2026-02-18","Doylestown, PA","App & Online Ordering","Order not received","Mobile App","Moderate","The app confirmed my order, but the restaurant had no record of it. I hope this can be addressed before my next visit."
"CUST-30332","2025-11-26","Willow Grove, PA","Billing & Pricing","Promotion not applied","Phone","Moderate","I used a valid coupon, but the discount was not reflected in my total."
"CUST-23224","2025-08-09","Cherry Hill, NJ","Food Quality","Cold food","Phone","Low","My breakfast burrito was cold when I received it."
"CUST-38477","2026-02-22","Doylestown, PA","Food Quality","Portion size","Uber Eats","Low","The serving size has gotten noticeably smaller."
"CUST-28777","2026-07-11","Princeton, NJ","Food Quality","Stale ingredients","Google Review","Low","The ingredients in my taco salad did not taste fresh."
"CUST-97994","2025-08-25","Philadelphia, PA","Order Accuracy","Wrong item","Google Review","High","The bag had someone else's chicken tacos instead of mine."
"CUST-39536","2026-05-03","Willow Grove, PA","Cleanliness","Restroom","Uber Eats","Low","The restroom was in poor condition and supplies were empty. I have ordered from Taco Alley before and expected better."
"CUST-36651","2025-10-08","King of Prussia, PA","App & Online Ordering","App error","DoorDash","Low","I kept getting an error when adding items to my cart."
"CUST-34662","2026-06-06","Cherry Hill, NJ","Delivery","Damaged/spilled","In-store","High","My steak burrito was crushed during delivery. The receipt and order confirmation both show what I originally requested."
"CUST-25376","2025-11-17","Allentown, PA","Billing & Pricing","Duplicate charge","Phone","Urgent","My card was charged twice for the same order. This was especially frustrating because I was ordering during my lunch break."
"CUST-59894","2026-05-10","Allentown, PA","App & Online Ordering","Menu mismatch","Google Review","High","The online menu showed options that this location does not carry."
"CUST-71537","2026-03-27","King of Prussia, PA","Service","Slow service","Website","High","Service was extremely slow even though the restaurant was not busy."
"CUST-86550","2025-10-14","Cherry Hill, NJ","App & Online Ordering","Order not received","In-store","Low","The app confirmed my order, but the restaurant had no record of it."
"CUST-99764","2025-12-04","King of Prussia, PA","Billing & Pricing","Promotion not applied","Uber Eats","Moderate","The advertised promotion did not apply at checkout."
"CUST-74004","2025-10-26","Warrington, PA","Order Accuracy","Wrong item","Mobile App","Moderate","My receipt was correct, but the breakfast burrito in the bag was wrong. I tried to resolve it at the restaurant but did not get much help."
"CUST-64053","2026-07-09","Warrington, PA","App & Online Ordering","Menu mismatch","In-store","Moderate","The online menu showed options that this location does not carry."
"CUST-97392","2026-02-08","Cherry Hill, NJ","Cleanliness","Dining area","In-store","Moderate","Several tables were dirty and had not been wiped down. Please contact me about a refund or replacement."
"CUST-46010","2025-08-07","Princeton, NJ","App & Online Ordering","Menu mismatch","In-store","Moderate","Prices in the app did not match the prices at the store."
"CUST-91235","2026-04-26","Princeton, NJ","Product Availability","Out of stock","Mobile App","Low","I came specifically for the taco salad, but it was sold out. This was especially frustrating because I was ordering during my lunch break."
"CUST-39603","2026-03-24","Willow Grove, PA","Order Accuracy","Wrong item","Phone","Urgent","The bag had someone else's chips and queso instead of mine."
"CUST-11238","2026-02-10","Warrington, PA","Billing & Pricing","Overcharged","Uber Eats","Low","My total was incorrect and I appear to have been overcharged."
"CUST-84289","2025-11-26","Allentown, PA","Food Quality","Undercooked/overcooked","Phone","Urgent","The meat in the fish tacos was cooked far too long and was tough."
"CUST-86943","2026-01-09","Warrington, PA","Order Accuracy","Missing item","In-store","Urgent","We got home and realized one of the rice bowl items was missing."
"CUST-80852","2026-05-18","King of Prussia, PA","Billing & Pricing","Duplicate charge","DoorDash","High","I see two identical charges for one purchase."
"CUST-40427","2026-01-25","New Britain, PA","Order Accuracy","Customization ignored","In-store","Low","I requested no onions, but that customization was ignored."
"CUST-82487","2026-03-19","Philadelphia, PA","Order Accuracy","Customization ignored","Uber Eats","Low","My dietary customization (mild salsa) was not honored."
"CUST-20752","2025-12-30","Willow Grove, PA","Service","Ignored customer","Phone","Moderate","I had to ask three times before someone would check on my order."
"CUST-45358","2026-01-05","New Britain, PA","Food Quality","Incorrect preparation","Uber Eats","Moderate","My chips and queso was prepared completely differently from what I ordered. This was especially frustrating because I was ordering during my lunch break."
"CUST-52523","2026-05-11","Philadelphia, PA","Food Quality","Incorrect preparation","Website","Moderate","The kitchen ignored my request for no cilantro. I tried to resolve it at the restaurant but did not get much help."
"CUST-45247","2026-07-17","Willow Grove, PA","Food Quality","Undercooked/overcooked","DoorDash","Moderate","My steak burrito seemed undercooked and I did not feel comfortable eating it."
"CUST-42321","2026-04-05","Allentown, PA","Order Accuracy","Missing item","Website","Moderate","My order was missing the quesadilla."
"CUST-53193","2026-01-18","Allentown, PA","Delivery","Late delivery","DoorDash","High","The order was very late and the food was cold by the time it arrived. Please contact me about a refund or replacement."
"CUST-33283","2026-07-22","Philadelphia, PA","Order Accuracy","Customization ignored","Phone","Moderate","My dietary customization (no sour cream) was not honored."
"CUST-61502","2026-01-14","King of Prussia, PA","Product Availability","Substitution","DoorDash","Low","I would rather have received a refund than an unrequested substitution."
"CUST-48185","2026-03-25","New Britain, PA","Food Quality","Portion size","Phone","Moderate","The portion of churros was much smaller than I expected for the price. The receipt and order confirmation both show what I originally requested."
"CUST-19694","2025-10-18","Allentown, PA","Cleanliness","Restroom","DoorDash","High","The restroom was in poor condition and supplies were empty. The receipt and order confirmation both show what I originally requested."
"CUST-42536","2026-07-26","King of Prussia, PA","Product Availability","Substitution","Website","Low","I would rather have received a refund than an unrequested substitution. I tried to resolve it at the restaurant but did not get much help."
"CUST-43913","2026-03-09","Lansdale, PA","Food Quality","Portion size","Website","Low","The portion of churros was much smaller than I expected for the price."
"CUST-13219","2026-03-26","Allentown, PA","Service","Ignored customer","Mobile App","Low","I had to ask three times before someone would check on my order."
"CUST-22795","2025-11-14","Allentown, PA","Food Quality","Undercooked/overcooked","Uber Eats","Moderate","The steak burrito was badly overcooked and dry. Please contact me about a refund or replacement."
"CUST-94930","2025-09-28","New Britain, PA","Billing & Pricing","Promotion not applied","In-store","High","I used a valid coupon, but the discount was not reflected in my total."
"CUST-63090","2026-03-07","Warrington, PA","Billing & Pricing","Overcharged","Uber Eats","Low","My total was incorrect and I appear to have been overcharged. I hope this can be addressed before my next visit."
"CUST-36972","2026-02-16","Willow Grove, PA","Food Quality","Undercooked/overcooked","In-store","High","My chicken tacos seemed undercooked and I did not feel comfortable eating it."
"CUST-74157","2026-03-23","Princeton, NJ","Billing & Pricing","Overcharged","Website","Low","My total was incorrect and I appear to have been overcharged."
"CUST-48986","2026-03-23","Cherry Hill, NJ","Product Availability","Substitution","Mobile App","High","I would rather have received a refund than an unrequested substitution. I tried to resolve it at the restaurant but did not get much help."
"CUST-64819","2026-02-08","Cherry Hill, NJ","Delivery","Wrong address/dropoff","Mobile App","High","The driver left my order at the wrong house. I have ordered from Taco Alley before and expected better."
"CUST-74178","2026-06-27","Willow Grove, PA","Food Quality","Undercooked/overcooked","Mobile App","High","My quesadilla seemed undercooked and I did not feel comfortable eating it."
"CUST-60324","2026-04-06","Princeton, NJ","Food Quality","Stale ingredients","Mobile App","Low","The tortilla was stale and the vegetables seemed old."
"CUST-84107","2026-03-16","Doylestown, PA","Service","Slow service","Uber Eats","Low","Service was extremely slow even though the restaurant was not busy."
"CUST-74921","2025-10-26","Princeton, NJ","Cleanliness","Dining area","Uber Eats","Moderate","The dining room floor was sticky and covered with food debris."
"CUST-65725","2025-08-22","New Britain, PA","Service","Ignored customer","Uber Eats","Moderate","I stood at the counter for several minutes before anyone acknowledged me."
"CUST-41056","2026-03-13","Lansdale, PA","Billing & Pricing","Duplicate charge","Website","High","My card was charged twice for the same order. This was especially frustrating because I was ordering during my lunch break."
"CUST-84720","2025-11-14","King of Prussia, PA","Cleanliness","Food handling","Phone","High","I was concerned by the way employees were handling ready-to-eat ingredients."
"CUST-63948","2026-04-21","Doylestown, PA","Service","Ignored customer","Website","Low","I had to ask three times before someone would check on my order. I tried to resolve it at the restaurant but did not get much help."
"CUST-85684","2025-12-05","Willow Grove, PA","Product Availability","Out of stock","DoorDash","Moderate","I came specifically for the quesadilla, but it was sold out."
"CUST-73968","2025-12-21","King of Prussia, PA","Delivery","Damaged/spilled","Google Review","Moderate","My steak burrito was crushed during delivery."
"CUST-66314","2026-05-01","Lansdale, PA","Delivery","Wrong address/dropoff","DoorDash","Moderate","The driver left my order at the wrong house."
"CUST-92074","2026-01-23","Allentown, PA","Service","Slow service","In-store","Low","Service was extremely slow even though the restaurant was not busy."
"CUST-45916","2025-10-07","New Britain, PA","Food Quality","Incorrect preparation","Email","Low","The kitchen ignored my request for no cheese. The receipt and order confirmation both show what I originally requested."
"CUST-21953","2026-01-04","New Britain, PA","Delivery","Damaged/spilled","Phone","Moderate","The bag arrived soaked because the salsa container spilled everywhere."
"CUST-25806","2025-08-05","Philadelphia, PA","Food Quality","Undercooked/overcooked","In-store","High","The quesadilla was badly overcooked and dry."
"CUST-49223","2025-09-22","Warrington, PA","Billing & Pricing","Promotion not applied","Website","Low","The advertised promotion did not apply at checkout."
"CUST-37925","2025-08-05","Warrington, PA","Order Accuracy","Missing item","Mobile App","Moderate","We got home and realized one of the breakfast burrito items was missing."
"CUST-60335","2025-10-11","King of Prussia, PA","App & Online Ordering","Menu mismatch","Website","Moderate","The online menu showed options that this location does not carry."
"CUST-13515","2026-06-04","Willow Grove, PA","Product Availability","Substitution","Email","High","My order included a substitution I was never asked to approve. I hope this can be addressed before my next visit."
"CUST-41599","2025-12-01","Allentown, PA","Food Quality","Portion size","Uber Eats","Moderate","The serving size has gotten noticeably smaller."
"CUST-32645","2026-03-04","Allentown, PA","Delivery","Late delivery","Google Review","Moderate","The delivery estimate kept changing and my food arrived much later than promised. I hope this can be addressed before my next visit."
"CUST-92388","2025-08-31","Princeton, NJ","Product Availability","Out of stock","DoorDash","Moderate","The restaurant was out of churros again. This was especially frustrating because I was ordering during my lunch break."
"CUST-20357","2025-10-18","Princeton, NJ","Billing & Pricing","Promotion not applied","Email","Low","The app showed a deal, but the restaurant would not honor it."
"CUST-67342","2026-06-29","Lansdale, PA","App & Online Ordering","App error","Website","Low","The mobile app would not let me complete checkout."
"CUST-27984","2026-01-06","Doylestown, PA","Food Quality","Cold food","Mobile App","Low","The steak burrito tasted like it had been sitting out for a while."
"CUST-13847","2025-12-16","King of Prussia, PA","Food Quality","Stale ingredients","Website","High","The street corn tasted like it had been made with yesterday's ingredients."
"CUST-17266","2026-04-12","Allentown, PA","Cleanliness","Restroom","Uber Eats","Moderate","The restroom was in poor condition and supplies were empty."
"CUST-76692","2026-07-12","Doylestown, PA","App & Online Ordering","App error","Website","Low","I kept getting an error when adding items to my cart."
"CUST-14635","2025-10-16","Princeton, NJ","Food Quality","Cold food","Mobile App","High","My chicken tacos was cold when I received it."
"CUST-20208","2026-03-02","Cherry Hill, NJ","Cleanliness","Food handling","Google Review","Moderate","I was concerned by the way employees were handling ready-to-eat ingredients."
"CUST-70960","2025-08-24","Willow Grove, PA","Order Accuracy","Customization ignored","DoorDash","Low","My dietary customization (extra salsa) was not honored."
"CUST-41795","2025-12-28","Allentown, PA","Cleanliness","Restroom","Email","Moderate","The bathroom needed immediate cleaning."
"CUST-93354","2025-08-13","Doylestown, PA","Order Accuracy","Wrong item","Phone","Moderate","I ordered a taco salad, but received a completely different item. Please contact me about a refund or replacement."
"CUST-28661","2026-03-03","Willow Grove, PA","Product Availability","Out of stock","Uber Eats","Urgent","I came specifically for the chips and queso, but it was sold out. I have ordered from Taco Alley before and expected better."
"CUST-93521","2025-09-13","Philadelphia, PA","Food Quality","Incorrect preparation","Website","Moderate","My chips and queso was prepared completely differently from what I ordered."
"CUST-45645","2026-02-18","Lansdale, PA","Food Quality","Portion size","Google Review","Low","The portion of chips and queso was much smaller than I expected for the price. I tried to resolve it at the restaurant but did not get much help."
"CUST-80244","2026-03-27","King of Prussia, PA","Food Quality","Incorrect preparation","Google Review","Moderate","I asked for no onions, but the churros was made incorrectly. Please contact me about a refund or replacement."
"CUST-49874","2025-09-16","Cherry Hill, NJ","Product Availability","Out of stock","Mobile App","High","Several menu items were unavailable when I tried to order."
"CUST-32789","2025-08-26","Doylestown, PA","Food Quality","Stale ingredients","Email","Low","The ingredients in my steak burrito did not taste fresh."
"CUST-39135","2025-10-11","Warrington, PA","Product Availability","Substitution","Website","Low","I would rather have received a refund than an unrequested substitution."
"CUST-35919","2025-09-08","Allentown, PA","Food Quality","Undercooked/overcooked","In-store","Urgent","My breakfast burrito seemed undercooked and I did not feel comfortable eating it."
"CUST-60165","2026-03-10","Philadelphia, PA","Cleanliness","Dining area","DoorDash","Moderate","The dining room floor was sticky and covered with food debris. I hope this can be addressed before my next visit."
"CUST-75390","2025-08-18","Philadelphia, PA","Food Quality","Incorrect preparation","Phone","Moderate","I asked for no sour cream, but the rice bowl was made incorrectly."
"CUST-81258","2026-06-26","Doylestown, PA","App & Online Ordering","Order not received","Phone","Moderate","I placed and paid for an online order, but the store said they never received it. I have ordered from Taco Alley before and expected better."
"CUST-33568","2026-04-15","Doylestown, PA","Product Availability","Substitution","Google Review","Moderate","The restaurant replaced my street corn without contacting me."
"CUST-23124","2026-05-27","Lansdale, PA","Order Accuracy","Missing item","Phone","Urgent","My order was missing the rice bowl."
"CUST-32768","2026-02-15","Warrington, PA","Delivery","Damaged/spilled","Google Review","High","The delivery bag was damaged and food had spilled inside it."
"CUST-34672","2026-01-28","Allentown, PA","Order Accuracy","Wrong item","Mobile App","Moderate","My receipt was correct, but the taco salad in the bag was wrong. The receipt and order confirmation both show what I originally requested."
"CUST-90495","2025-08-11","Lansdale, PA","Service","Rude staff","Uber Eats","Low","The staff member I spoke with was rude and seemed annoyed that I had a question. I have ordered from Taco Alley before and expected better."
"CUST-78982","2026-07-27","King of Prussia, PA","Cleanliness","Restroom","Mobile App","High","The restroom was in poor condition and supplies were empty. I hope this can be addressed before my next visit."
"CUST-67261","2026-01-13","Allentown, PA","Product Availability","Substitution","Mobile App","Urgent","I would rather have received a refund than an unrequested substitution. I tried to resolve it at the restaurant but did not get much help."
"CUST-48602","2025-10-29","Warrington, PA","Delivery","Late delivery","DoorDash","Low","The delivery estimate kept changing and my food arrived much later than promised."
"CUST-23645","2026-01-10","Allentown, PA","Food Quality","Cold food","Phone","Moderate","Everything in my order was lukewarm, especially the churros. I hope this can be addressed before my next visit."
"CUST-44761","2025-09-15","Lansdale, PA","Food Quality","Cold food","Google Review","Moderate","My fish tacos was cold when I received it."
"CUST-64266","2026-08-11","Allentown, PA","Order Accuracy","Missing item","DoorDash","Urgent","I paid for a rice bowl, but it was not in the bag. Please contact me about a refund or replacement."
"CUST-19661","2026-05-23","Doylestown, PA","App & Online Ordering","Order not received","Phone","Low","My online order disappeared even though my payment went through."
"CUST-22203","2025-10-22","King of Prussia, PA","Order Accuracy","Wrong item","Website","Moderate","The bag had someone else's steak burrito instead of mine. Please contact me about a refund or replacement."
"CUST-23272","2025-10-24","King of Prussia, PA","Delivery","Wrong address/dropoff","DoorDash","Moderate","My order was marked delivered, but it was not at my door."
"CUST-74349","2025-08-26","Warrington, PA","Food Quality","Incorrect preparation","DoorDash","Moderate","The kitchen ignored my request for no sour cream. This was especially frustrating because I was ordering during my lunch break."
"CUST-93648","2025-09-19","Willow Grove, PA","Food Quality","Cold food","In-store","Low","The steak burrito tasted like it had been sitting out for a while."
"CUST-81319","2026-07-05","Philadelphia, PA","Product Availability","Substitution","Email","Low","My order included a substitution I was never asked to approve."
"CUST-83956","2025-12-13","Doylestown, PA","Food Quality","Undercooked/overcooked","Phone","High","My quesadilla seemed undercooked and I did not feel comfortable eating it. Please contact me about a refund or replacement."
"CUST-60738","2026-05-29","Princeton, NJ","Food Quality","Cold food","Phone","Moderate","My breakfast burrito was cold when I received it."
"CUST-77740","2026-08-01","Cherry Hill, NJ","Service","Ignored customer","In-store","Moderate","I had to ask three times before someone would check on my order. Please contact me about a refund or replacement."
"CUST-26539","2025-10-25","Doylestown, PA","Billing & Pricing","Duplicate charge","Phone","High","My card was charged twice for the same order."
"CUST-62082","2025-09-04","Princeton, NJ","Service","Ignored customer","Website","Moderate","Multiple employees walked past me without offering help. The receipt and order confirmation both show what I originally requested."
"CUST-29424","2026-03-03","Cherry Hill, NJ","Order Accuracy","Wrong item","Website","Moderate","My receipt was correct, but the guacamole in the bag was wrong."
"CUST-95824","2026-01-24","Allentown, PA","Delivery","Late delivery","DoorDash","Low","My delivery arrived 35 minutes later than the estimate."
"CUST-53449","2026-07-15","Lansdale, PA","Delivery","Damaged/spilled","DoorDash","Low","The bag arrived soaked because the salsa container spilled everywhere. I hope this can be addressed before my next visit."
"CUST-74437","2026-01-03","New Britain, PA","Food Quality","Undercooked/overcooked","Email","Moderate","My fish tacos seemed undercooked and I did not feel comfortable eating it."
"CUST-37707","2026-06-06","Philadelphia, PA","Product Availability","Out of stock","Website","Low","The restaurant was out of rice bowl again. Please contact me about a refund or replacement."
"CUST-78719","2026-02-23","Cherry Hill, NJ","Billing & Pricing","Duplicate charge","Mobile App","High","I see two identical charges for one purchase. I hope this can be addressed before my next visit."
"CUST-70846","2026-02-01","Princeton, NJ","Food Quality","Incorrect preparation","Phone","Low","I asked for gluten-free preparation, but the chicken tacos was made incorrectly."
"CUST-72204","2026-03-17","Cherry Hill, NJ","Order Accuracy","Missing item","Mobile App","Urgent","We got home and realized one of the chicken tacos items was missing."
"CUST-94853","2025-10-23","Lansdale, PA","Delivery","Damaged/spilled","Phone","High","The bag arrived soaked because the salsa container spilled everywhere. This was especially frustrating because I was ordering during my lunch break."
"CUST-11109","2025-10-07","Lansdale, PA","Billing & Pricing","Promotion not applied","Mobile App","Moderate","The app showed a deal, but the restaurant would not honor it."
"CUST-71171","2026-01-26","Willow Grove, PA","Order Accuracy","Wrong item","Uber Eats","Low","My receipt was correct, but the taco salad in the bag was wrong."
"CUST-87826","2026-07-06","Cherry Hill, NJ","Billing & Pricing","Duplicate charge","Google Review","High","I see two identical charges for one purchase."
"CUST-44229","2026-06-24","Willow Grove, PA","Order Accuracy","Customization ignored","Google Review","High","I requested no onions, but that customization was ignored."
"CUST-48745","2026-08-05","Willow Grove, PA","Food Quality","Portion size","In-store","Moderate","The portion of chicken tacos was much smaller than I expected for the price."
"CUST-39145","2026-05-20","Princeton, NJ","App & Online Ordering","Order not received","Phone","Low","The app confirmed my order, but the restaurant had no record of it."
"CUST-71706","2026-05-13","Warrington, PA","Delivery","Damaged/spilled","Mobile App","Low","The delivery bag was damaged and food had spilled inside it."
"CUST-53426","2026-01-05","King of Prussia, PA","Billing & Pricing","Duplicate charge","DoorDash","High","The payment failed in the app, but I was still charged twice. I have ordered from Taco Alley before and expected better."
"CUST-35499","2026-05-26","Princeton, NJ","Order Accuracy","Wrong item","Website","Moderate","The bag had someone else's steak burrito instead of mine."
"CUST-54914","2025-10-17","Philadelphia, PA","Food Quality","Undercooked/overcooked","Mobile App","Urgent","The meat in the rice bowl was cooked far too long and was tough."
"CUST-17603","2026-06-20","Doylestown, PA","Product Availability","Substitution","Mobile App","Low","My order included a substitution I was never asked to approve."
"CUST-93032","2025-09-15","Philadelphia, PA","Service","Rude staff","Mobile App","Moderate","The employee at the counter was dismissive when I asked about my order."
"CUST-79603","2025-08-08","Lansdale, PA","Service","Slow service","Google Review","Moderate","Service was extremely slow even though the restaurant was not busy. I tried to resolve it at the restaurant but did not get much help."
"CUST-60272","2026-01-24","Princeton, NJ","Food Quality","Cold food","Email","Low","Everything in my order was lukewarm, especially the taco salad."
"CUST-27536","2026-04-24","King of Prussia, PA","Delivery","Late delivery","Google Review","Moderate","My delivery arrived 35 minutes later than the estimate."
"CUST-12872","2026-08-08","Cherry Hill, NJ","Product Availability","Substitution","Mobile App","Low","The restaurant replaced my nachos without contacting me. I have ordered from Taco Alley before and expected better."
"CUST-16286","2025-12-09","New Britain, PA","Service","Rude staff","In-store","Moderate","The staff member I spoke with was rude and seemed annoyed that I had a question."
"CUST-30070","2025-10-03","Lansdale, PA","Delivery","Late delivery","Email","Moderate","My delivery arrived 45 minutes later than the estimate."
"CUST-23751","2025-12-17","Princeton, NJ","Billing & Pricing","Duplicate charge","Mobile App","Moderate","My card was charged twice for the same order."
"CUST-63707","2025-12-13","Willow Grove, PA","Billing & Pricing","Overcharged","Phone","Moderate","There is an extra charge on my receipt that I do not recognize. I have ordered from Taco Alley before and expected better."
"CUST-85255","2026-07-10","Allentown, PA","Food Quality","Portion size","Website","High","There was barely any filling in my nachos. This was especially frustrating because I was ordering during my lunch break."
"CUST-16564","2026-03-22","New Britain, PA","Food Quality","Cold food","Email","Low","Everything in my order was lukewarm, especially the steak burrito."
"CUST-28139","2025-09-18","Warrington, PA","Cleanliness","Dining area","In-store","Low","The dining room floor was sticky and covered with food debris."
"CUST-69839","2025-11-02","Willow Grove, PA","Order Accuracy","Wrong item","Website","Moderate","My receipt was correct, but the rice bowl in the bag was wrong."
"CUST-87430","2025-08-31","Allentown, PA","Cleanliness","Food handling","Mobile App","Moderate","The food preparation area did not look clean. The receipt and order confirmation both show what I originally requested."
"CUST-73979","2026-07-17","New Britain, PA","Cleanliness","Food handling","Mobile App","High","The food preparation area did not look clean."
"CUST-97797","2026-04-26","King of Prussia, PA","App & Online Ordering","Order not received","Phone","Urgent","I placed and paid for an online order, but the store said they never received it. The receipt and order confirmation both show what I originally requested."
"CUST-98643","2025-12-06","Philadelphia, PA","Service","Ignored customer","Uber Eats","Low","I had to ask three times before someone would check on my order."
"CUST-19812","2026-03-29","Allentown, PA","Food Quality","Portion size","Uber Eats","High","The serving size has gotten noticeably smaller."
"CUST-68220","2026-02-23","Cherry Hill, NJ","Order Accuracy","Wrong item","Phone","Low","The bag had someone else's chicken tacos instead of mine."
"CUST-14696","2025-08-10","Princeton, NJ","Service","Slow service","Website","Moderate","Service was extremely slow even though the restaurant was not busy."
"CUST-57624","2026-07-02","Doylestown, PA","Service","Rude staff","Uber Eats","High","Customer service was poor and the cashier was unnecessarily disrespectful."
"CUST-39064","2025-09-28","Doylestown, PA","Cleanliness","Restroom","Website","Moderate","The bathroom needed immediate cleaning."
"CUST-63636","2026-04-10","New Britain, PA","Order Accuracy","Customization ignored","Mobile App","High","The order clearly said mild salsa, and the restaurant did not follow it. I have ordered from Taco Alley before and expected better."
"CUST-64325","2025-11-06","Doylestown, PA","Order Accuracy","Missing item","Google Review","Low","My order was missing the steak burrito."
"CUST-10568","2026-04-16","Princeton, NJ","App & Online Ordering","Menu mismatch","Mobile App","Urgent","The online menu showed options that this location does not carry."
"CUST-26827","2025-10-30","New Britain, PA","Billing & Pricing","Duplicate charge","Mobile App","High","I see two identical charges for one purchase."
"CUST-54939","2026-07-21","Willow Grove, PA","Order Accuracy","Customization ignored","Phone","Low","My dietary customization (no cilantro) was not honored."
"CUST-91810","2026-07-31","Willow Grove, PA","Service","Rude staff","Phone","Low","The employee at the counter was dismissive when I asked about my order."
"CUST-56168","2026-06-23","Princeton, NJ","Billing & Pricing","Duplicate charge","Google Review","High","My card was charged twice for the same order."
"CUST-29048","2025-08-07","Doylestown, PA","Service","Ignored customer","Website","Low","I had to ask three times before someone would check on my order. Please contact me about a refund or replacement."
"CUST-80932","2026-07-20","Doylestown, PA","Billing & Pricing","Overcharged","Email","Low","There is an extra charge on my receipt that I do not recognize. This was especially frustrating because I was ordering during my lunch break."
"CUST-16157","2026-04-19","Philadelphia, PA","Order Accuracy","Wrong item","Email","Moderate","I ordered a churros, but received a completely different item."
"CUST-93071","2025-11-12","King of Prussia, PA","Order Accuracy","Customization ignored","Uber Eats","High","The order clearly said no cheese, and the restaurant did not follow it."
"CUST-32779","2026-07-16","Princeton, NJ","Billing & Pricing","Duplicate charge","Website","Moderate","The payment failed in the app, but I was still charged twice. I have ordered from Taco Alley before and expected better."
"CUST-30290","2025-08-03","Doylestown, PA","Food Quality","Cold food","Google Review","Moderate","The rice bowl tasted like it had been sitting out for a while. I tried to resolve it at the restaurant but did not get much help."
"CUST-51662","2026-05-09","Princeton, NJ","Food Quality","Stale ingredients","Google Review","Low","The chicken tacos tasted like it had been made with yesterday's ingredients."
"CUST-37964","2026-02-23","King of Prussia, PA","Food Quality","Incorrect preparation","Website","Low","My steak burrito was prepared completely differently from what I ordered."
"CUST-55351","2026-06-29","Allentown, PA","Order Accuracy","Wrong item","In-store","Low","I ordered a churros, but received a completely different item."
"CUST-24860","2026-01-12","Philadelphia, PA","Order Accuracy","Customization ignored","DoorDash","High","My dietary customization (gluten-free preparation) was not honored."
"CUST-95397","2026-03-17","Lansdale, PA","Order Accuracy","Customization ignored","Uber Eats","Low","The order clearly said mild salsa, and the restaurant did not follow it."
"CUST-36945","2025-11-18","Princeton, NJ","Order Accuracy","Missing item","DoorDash","High","My order was missing the quesadilla. The receipt and order confirmation both show what I originally requested."
"CUST-17113","2026-01-17","Warrington, PA","Cleanliness","Food handling","In-store","Low","The food preparation area did not look clean. The receipt and order confirmation both show what I originally requested."
"CUST-12213","2026-03-19","Philadelphia, PA","Cleanliness","Food handling","DoorDash","Moderate","I saw an employee handle food and then touch the register without changing gloves."
"CUST-99899","2026-01-31","Willow Grove, PA","Billing & Pricing","Duplicate charge","Website","Moderate","My card was charged twice for the same order. This was especially frustrating because I was ordering during my lunch break."
"CUST-61248","2026-05-01","Princeton, NJ","Delivery","Damaged/spilled","Phone","Low","My chips and queso was crushed during delivery."
"CUST-10659","2026-05-12","Cherry Hill, NJ","Order Accuracy","Customization ignored","Mobile App","Low","I requested mild salsa, but that customization was ignored."
"CUST-94663","2026-08-07","Princeton, NJ","Delivery","Wrong address/dropoff","Google Review","Moderate","The delivery photo showed a location that was not my address."
"CUST-81939","2026-05-18","Allentown, PA","Food Quality","Incorrect preparation","In-store","High","I asked for no sour cream, but the churros was made incorrectly. The receipt and order confirmation both show what I originally requested."
"CUST-56810","2026-05-25","Warrington, PA","Delivery","Late delivery","Uber Eats","High","The order was very late and the food was cold by the time it arrived. The receipt and order confirmation both show what I originally requested."
"CUST-29974","2026-01-16","Cherry Hill, NJ","Billing & Pricing","Overcharged","Email","Moderate","I was charged more than the price shown on the menu. Please contact me about a refund or replacement."
"CUST-57118","2026-07-31","Warrington, PA","Delivery","Damaged/spilled","DoorDash","Low","My quesadilla was crushed during delivery. I have ordered from Taco Alley before and expected better."
"CUST-89511","2026-04-07","New Britain, PA","Billing & Pricing","Promotion not applied","Website","Low","I used a valid coupon, but the discount was not reflected in my total."
"CUST-85877","2025-08-10","Philadelphia, PA","Cleanliness","Dining area","In-store","High","The seating area looked like it had not been cleaned in hours."
"CUST-29481","2026-05-04","King of Prussia, PA","Billing & Pricing","Overcharged","Uber Eats","Moderate","I was charged more than the price shown on the menu."
"CUST-11388","2025-09-16","Lansdale, PA","Order Accuracy","Customization ignored","DoorDash","Moderate","My dietary customization (extra salsa) was not honored."
"CUST-73373","2026-05-17","King of Prussia, PA","Cleanliness","Food handling","Mobile App","High","I was concerned by the way employees were handling ready-to-eat ingredients. I hope this can be addressed before my next visit."
"CUST-69591","2025-11-14","Doylestown, PA","Food Quality","Undercooked/overcooked","Google Review","Moderate","The steak burrito was badly overcooked and dry. The receipt and order confirmation both show what I originally requested."
"CUST-59613","2026-05-19","King of Prussia, PA","Food Quality","Stale ingredients","Mobile App","Moderate","The ingredients in my taco salad did not taste fresh."
"CUST-73191","2026-01-28","Cherry Hill, NJ","Delivery","Late delivery","Google Review","Moderate","The delivery estimate kept changing and my food arrived much later than promised."
"CUST-30625","2025-12-22","King of Prussia, PA","Food Quality","Incorrect preparation","Phone","Low","The kitchen ignored my request for gluten-free preparation."
"CUST-87436","2026-04-04","Warrington, PA","Delivery","Late delivery","Uber Eats","Moderate","The delivery estimate kept changing and my food arrived much later than promised."
"CUST-15136","2025-10-22","Cherry Hill, NJ","Delivery","Damaged/spilled","Mobile App","Moderate","The bag arrived soaked because the salsa container spilled everywhere."
"CUST-96736","2026-06-23","Willow Grove, PA","Food Quality","Incorrect preparation","In-store","High","The kitchen ignored my request for no cilantro."
"CUST-33839","2026-06-04","Cherry Hill, NJ","Product Availability","Out of stock","Mobile App","High","Several menu items were unavailable when I tried to order. Please contact me about a refund or replacement."
"CUST-27329","2025-09-05","New Britain, PA","Delivery","Damaged/spilled","Phone","Moderate","The bag arrived soaked because the salsa container spilled everywhere."
"CUST-88618","2025-10-30","Doylestown, PA","Food Quality","Portion size","Uber Eats","High","The serving size has gotten noticeably smaller."
"CUST-98940","2026-06-05","Philadelphia, PA","App & Online Ordering","Menu mismatch","In-store","High","The online menu showed options that this location does not carry."
"CUST-85513","2026-04-04","New Britain, PA","Service","Slow service","DoorDash","Moderate","I waited 30 minutes for a simple order."
"CUST-10716","2026-05-06","Doylestown, PA","Service","Slow service","DoorDash","Low","Service was extremely slow even though the restaurant was not busy."
"CUST-30287","2026-01-09","Philadelphia, PA","Delivery","Late delivery","DoorDash","Moderate","The delivery estimate kept changing and my food arrived much later than promised."
"CUST-64162","2025-12-20","Princeton, NJ","Delivery","Damaged/spilled","DoorDash","Moderate","My street corn was crushed during delivery."
"CUST-62183","2026-05-23","Warrington, PA","Cleanliness","Restroom","Google Review","High","The restroom was dirty and out of soap."
"CUST-62502","2025-10-22","King of Prussia, PA","App & Online Ordering","Menu mismatch","Website","Low","The app let me order an item that the restaurant said was unavailable."
"CUST-29048","2026-06-22","Allentown, PA","Cleanliness","Food handling","In-store","High","I was concerned by the way employees were handling ready-to-eat ingredients."
"CUST-62513","2026-06-08","Cherry Hill, NJ","App & Online Ordering","Order not received","In-store","Moderate","I placed and paid for an online order, but the store said they never received it."
"CUST-96099","2026-03-13","Princeton, NJ","Delivery","Damaged/spilled","In-store","Low","The delivery bag was damaged and food had spilled inside it."
"CUST-30636","2026-02-01","New Britain, PA","Order Accuracy","Missing item","Phone","Moderate","We got home and realized one of the street corn items was missing. This was especially frustrating because I was ordering during my lunch break."
"CUST-18993","2026-04-23","New Britain, PA","Product Availability","Substitution","In-store","Moderate","The restaurant replaced my breakfast burrito without contacting me."
"CUST-35496","2025-12-20","Allentown, PA","Service","Ignored customer","Phone","Moderate","I had to ask three times before someone would check on my order."
"CUST-54560","2026-05-14","New Britain, PA","App & Online Ordering","Menu mismatch","Website","Moderate","The app let me order an item that the restaurant said was unavailable."
"CUST-54520","2026-05-16","Allentown, PA","Cleanliness","Restroom","Uber Eats","Moderate","The restroom was in poor condition and supplies were empty."
"CUST-64057","2025-11-21","King of Prussia, PA","Billing & Pricing","Duplicate charge","Phone","High","My card was charged twice for the same order. The receipt and order confirmation both show what I originally requested."
"CUST-33394","2026-01-23","Allentown, PA","Service","Rude staff","Website","Moderate","Customer service was poor and the cashier was unnecessarily disrespectful. The receipt and order confirmation both show what I originally requested."
"CUST-44787","2025-11-11","Lansdale, PA","Order Accuracy","Missing item","Phone","Moderate","We got home and realized one of the rice bowl items was missing."
"CUST-80972","2026-07-13","Doylestown, PA","Order Accuracy","Missing item","Uber Eats","Moderate","We got home and realized one of the fish tacos items was missing. This was especially frustrating because I was ordering during my lunch break."
"CUST-76995","2026-04-09","Willow Grove, PA","Cleanliness","Restroom","Mobile App","Urgent","The restroom was in poor condition and supplies were empty."
"CUST-99959","2025-08-17","Warrington, PA","Order Accuracy","Customization ignored","Google Review","Moderate","I requested no cilantro, but that customization was ignored."
"CUST-23205","2025-08-07","King of Prussia, PA","Service","Rude staff","Phone","Moderate","Customer service was poor and the cashier was unnecessarily disrespectful."
"CUST-65567","2026-01-23","Lansdale, PA","Order Accuracy","Wrong item","Google Review","Low","I ordered a street corn, but received a completely different item. I hope this can be addressed before my next visit."
"CUST-45382","2026-05-22","Lansdale, PA","Service","Slow service","Phone","High","Service was extremely slow even though the restaurant was not busy. I have ordered from Taco Alley before and expected better."
"CUST-92660","2025-10-30","Princeton, NJ","Delivery","Damaged/spilled","DoorDash","Moderate","The bag arrived soaked because the salsa container spilled everywhere."
"CUST-31409","2025-08-25","Doylestown, PA","Service","Slow service","DoorDash","Low","Service was extremely slow even though the restaurant was not busy."
"CUST-83071","2025-12-12","Willow Grove, PA","Food Quality","Stale ingredients","Google Review","Moderate","The tortilla was stale and the vegetables seemed old."
"CUST-47304","2026-06-29","King of Prussia, PA","Order Accuracy","Wrong item","Mobile App","Urgent","I ordered a fish tacos, but received a completely different item."
"CUST-28985","2025-12-25","Warrington, PA","Order Accuracy","Customization ignored","Uber Eats","Moderate","The order clearly said extra guacamole, and the restaurant did not follow it."
"CUST-48188","2025-11-25","Willow Grove, PA","Delivery","Damaged/spilled","Google Review","Low","My breakfast burrito was crushed during delivery. I tried to resolve it at the restaurant but did not get much help."
"CUST-13027","2026-03-19","Warrington, PA","Delivery","Damaged/spilled","DoorDash","Low","My guacamole was crushed during delivery."
"CUST-72021","2025-09-18","Princeton, NJ","Billing & Pricing","Duplicate charge","Website","Urgent","I see two identical charges for one purchase. This was especially frustrating because I was ordering during my lunch break."
"CUST-42426","2025-09-13","Willow Grove, PA","Food Quality","Undercooked/overcooked","DoorDash","Moderate","The meat in the steak burrito was cooked far too long and was tough."
"CUST-80855","2026-01-14","Willow Grove, PA","Service","Rude staff","Uber Eats","Moderate","The employee at the counter was dismissive when I asked about my order. I tried to resolve it at the restaurant but did not get much help."
"CUST-93824","2026-06-20","Princeton, NJ","Service","Rude staff","DoorDash","Moderate","Customer service was poor and the cashier was unnecessarily disrespectful."
"CUST-49789","2026-02-04","Doylestown, PA","Order Accuracy","Wrong item","DoorDash","Low","The bag had someone else's street corn instead of mine."
"CUST-66418","2026-04-02","Willow Grove, PA","Food Quality","Incorrect preparation","Email","Low","The kitchen ignored my request for extra guacamole. Please contact me about a refund or replacement."
"CUST-94671","2026-03-12","Philadelphia, PA","Delivery","Late delivery","DoorDash","Low","The delivery estimate kept changing and my food arrived much later than promised."
"CUST-79722","2026-06-10","Willow Grove, PA","Cleanliness","Dining area","Email","Low","The dining room floor was sticky and covered with food debris."
"CUST-91625","2026-06-13","Allentown, PA","Service","Rude staff","Uber Eats","Low","The employee at the counter was dismissive when I asked about my order."
"CUST-67464","2025-12-23","Doylestown, PA","Food Quality","Cold food","Email","Low","My chicken tacos was cold when I received it."
"CUST-14159","2026-04-13","King of Prussia, PA","Order Accuracy","Missing item","Google Review","Moderate","My order was missing the guacamole."
"CUST-42778","2025-11-01","Philadelphia, PA","Food Quality","Incorrect preparation","Phone","High","I asked for no cilantro, but the rice bowl was made incorrectly."
"CUST-22315","2025-11-10","Princeton, NJ","Cleanliness","Dining area","Uber Eats","Moderate","The seating area looked like it had not been cleaned in hours. This was especially frustrating because I was ordering during my lunch break."
"CUST-93692","2025-08-22","Willow Grove, PA","Delivery","Late delivery","Website","Low","The order was very late and the food was cold by the time it arrived. The receipt and order confirmation both show what I originally requested."
"CUST-46188","2026-01-14","Cherry Hill, NJ","Food Quality","Cold food","In-store","Low","Everything in my order was lukewarm, especially the nachos."
"CUST-99908","2025-12-06","Cherry Hill, NJ","Food Quality","Incorrect preparation","Mobile App","Moderate","I asked for extra guacamole, but the chicken tacos was made incorrectly. This was especially frustrating because I was ordering during my lunch break."
"CUST-51515","2025-09-24","Princeton, NJ","Order Accuracy","Customization ignored","Mobile App","Moderate","I requested mild salsa, but that customization was ignored."
"CUST-15175","2026-01-31","Allentown, PA","Cleanliness","Restroom","Mobile App","Low","The bathroom needed immediate cleaning."
"CUST-71393","2026-05-06","Willow Grove, PA","Billing & Pricing","Duplicate charge","Google Review","Moderate","I see two identical charges for one purchase."
"CUST-93627","2025-12-13","Princeton, NJ","App & Online Ordering","Menu mismatch","Google Review","Moderate","The online menu showed options that this location does not carry. I tried to resolve it at the restaurant but did not get much help."
"CUST-99551","2025-09-02","Allentown, PA","Order Accuracy","Missing item","DoorDash","Low","My order was missing the churros. The receipt and order confirmation both show what I originally requested."
"CUST-18739","2025-09-26","Doylestown, PA","Billing & Pricing","Overcharged","Website","Moderate","My total was incorrect and I appear to have been overcharged."
"CUST-60934","2025-09-20","Allentown, PA","Cleanliness","Dining area","In-store","Moderate","Several tables were dirty and had not been wiped down."
"CUST-37359","2025-09-06","Allentown, PA","Service","Ignored customer","In-store","High","I had to ask three times before someone would check on my order. The receipt and order confirmation both show what I originally requested."
"CUST-17641","2026-03-01","Cherry Hill, NJ","App & Online Ordering","App error","Google Review","High","I kept getting an error when adding items to my cart."
"CUST-40279","2026-04-23","Princeton, NJ","Order Accuracy","Missing item","Website","Low","We got home and realized one of the steak burrito items was missing."
"CUST-93705","2025-10-31","Cherry Hill, NJ","Order Accuracy","Missing item","DoorDash","Moderate","We got home and realized one of the breakfast burrito items was missing."
"CUST-96184","2026-05-09","Warrington, PA","Order Accuracy","Wrong item","DoorDash","Moderate","My receipt was correct, but the breakfast burrito in the bag was wrong. I have ordered from Taco Alley before and expected better."
"CUST-93000","2026-01-14","Philadelphia, PA","Service","Ignored customer","Google Review","Moderate","Multiple employees walked past me without offering help."
"CUST-68654","2025-12-09","Philadelphia, PA","Cleanliness","Restroom","Google Review","Urgent","The restroom was in poor condition and supplies were empty."
"CUST-38157","2025-08-04","King of Prussia, PA","Food Quality","Cold food","Email","Urgent","The churros tasted like it had been sitting out for a while. I tried to resolve it at the restaurant but did not get much help."
"CUST-86304","2025-10-19","Lansdale, PA","Food Quality","Stale ingredients","Mobile App","Low","The street corn tasted like it had been made with yesterday's ingredients. I tried to resolve it at the restaurant but did not get much help."
"CUST-73246","2026-08-11","Warrington, PA","Order Accuracy","Wrong item","Website","Moderate","I ordered a churros, but received a completely different item."
"CUST-17329","2025-08-20","King of Prussia, PA","Service","Ignored customer","DoorDash","Low","I had to ask three times before someone would check on my order."
"CUST-78731","2026-06-21","Doylestown, PA","Order Accuracy","Wrong item","DoorDash","Low","The bag had someone else's steak burrito instead of mine."
"CUST-85399","2026-02-18","Princeton, NJ","Order Accuracy","Customization ignored","Uber Eats","Moderate","I requested gluten-free preparation, but that customization was ignored. The receipt and order confirmation both show what I originally requested."
"CUST-44413","2026-04-01","New Britain, PA","Food Quality","Undercooked/overcooked","In-store","High","My chips and queso seemed undercooked and I did not feel comfortable eating it."
"CUST-35703","2026-04-07","Princeton, NJ","Order Accuracy","Wrong item","DoorDash","Moderate","My receipt was correct, but the quesadilla in the bag was wrong."
"CUST-64209","2026-01-13","Philadelphia, PA","Delivery","Wrong address/dropoff","Website","Moderate","The delivery photo showed a location that was not my address. Please contact me about a refund or replacement."
"CUST-67732","2026-06-12","Doylestown, PA","Order Accuracy","Missing item","Uber Eats","Moderate","I paid for a fish tacos, but it was not in the bag. I tried to resolve it at the restaurant but did not get much help."
"CUST-41856","2025-09-13","Cherry Hill, NJ","App & Online Ordering","App error","Website","Moderate","The app crashed while I was trying to place my order."
"CUST-80517","2025-08-12","Lansdale, PA","App & Online Ordering","Order not received","Google Review","Low","I placed and paid for an online order, but the store said they never received it."
"CUST-96969","2025-10-12","Princeton, NJ","Food Quality","Portion size","In-store","Moderate","There was barely any filling in my street corn."
"CUST-96556","2026-07-02","Willow Grove, PA","Food Quality","Incorrect preparation","In-store","Low","I asked for gluten-free preparation, but the rice bowl was made incorrectly. Please contact me about a refund or replacement."
"CUST-59899","2026-06-29","Princeton, NJ","Delivery","Wrong address/dropoff","DoorDash","Moderate","My order was marked delivered, but it was not at my door."
"CUST-79391","2026-05-15","Willow Grove, PA","Product Availability","Out of stock","In-store","Low","Several menu items were unavailable when I tried to order. Please contact me about a refund or replacement."
"CUST-75700","2026-01-29","Willow Grove, PA","Order Accuracy","Wrong item","Email","Low","My receipt was correct, but the quesadilla in the bag was wrong."
"CUST-61491","2025-11-24","Warrington, PA","Cleanliness","Food handling","Mobile App","Moderate","The food preparation area did not look clean."
"CUST-53160","2026-03-07","Allentown, PA","Food Quality","Undercooked/overcooked","Email","Urgent","The meat in the breakfast burrito was cooked far too long and was tough. I have ordered from Taco Alley before and expected better."
"CUST-29025","2026-04-26","Cherry Hill, NJ","Service","Rude staff","Mobile App","Moderate","Customer service was poor and the cashier was unnecessarily disrespectful. The receipt and order confirmation both show what I originally requested."
"CUST-64269","2026-08-08","Philadelphia, PA","App & Online Ordering","Order not received","In-store","Moderate","I placed and paid for an online order, but the store said they never received it. I have ordered from Taco Alley before and expected better."
"CUST-90213","2025-09-24","Cherry Hill, NJ","Order Accuracy","Customization ignored","Mobile App","Low","My dietary customization (no sour cream) was not honored."
"CUST-72469","2026-01-31","Warrington, PA","Order Accuracy","Customization ignored","Website","Moderate","My dietary customization (gluten-free preparation) was not honored."
"CUST-35330","2026-04-09","Lansdale, PA","Service","Ignored customer","Uber Eats","Low","Multiple employees walked past me without offering help."
"CUST-67577","2025-09-03","Cherry Hill, NJ","Food Quality","Cold food","Mobile App","High","The chips and queso tasted like it had been sitting out for a while."
"CUST-61662","2026-06-08","Cherry Hill, NJ","Service","Slow service","DoorDash","Moderate","Service was extremely slow even though the restaurant was not busy."
"CUST-61853","2025-08-22","Doylestown, PA","App & Online Ordering","Menu mismatch","Phone","Moderate","The online menu showed options that this location does not carry. Please contact me about a refund or replacement."
"CUST-65372","2026-01-03","Willow Grove, PA","Delivery","Wrong address/dropoff","Email","High","The delivery photo showed a location that was not my address."
"CUST-24833","2026-03-20","Warrington, PA","Delivery","Late delivery","Website","Moderate","The delivery estimate kept changing and my food arrived much later than promised."
"CUST-36467","2025-08-13","Allentown, PA","Cleanliness","Food handling","Mobile App","High","I was concerned by the way employees were handling ready-to-eat ingredients."
"CUST-60343","2026-03-19","Princeton, NJ","Food Quality","Stale ingredients","Google Review","Low","The breakfast burrito tasted like it had been made with yesterday's ingredients. The receipt and order confirmation both show what I originally requested."
"CUST-28953","2026-01-19","Warrington, PA","Delivery","Late delivery","Mobile App","Low","The order was very late and the food was cold by the time it arrived."
"CUST-10463","2025-09-30","Cherry Hill, NJ","Billing & Pricing","Overcharged","Mobile App","Urgent","There is an extra charge on my receipt that I do not recognize. I have ordered from Taco Alley before and expected better."
"CUST-87183","2026-06-08","Allentown, PA","Billing & Pricing","Overcharged","Uber Eats","Low","There is an extra charge on my receipt that I do not recognize."
"CUST-29432","2025-12-21","Doylestown, PA","Service","Slow service","Phone","Low","I waited 30 minutes for a simple order."
"CUST-33363","2025-08-26","Warrington, PA","Delivery","Late delivery","Website","Moderate","My delivery arrived 40 minutes later than the estimate."
"CUST-49229","2026-02-01","King of Prussia, PA","Billing & Pricing","Duplicate charge","In-store","Low","The payment failed in the app, but I was still charged twice."
"CUST-64232","2025-10-02","Princeton, NJ","Order Accuracy","Wrong item","Email","Low","I ordered a chips and queso, but received a completely different item."
"CUST-89269","2026-06-19","Willow Grove, PA","Food Quality","Incorrect preparation","Website","Moderate","My chicken tacos was prepared completely differently from what I ordered."
"CUST-33580","2026-04-12","Cherry Hill, NJ","Service","Slow service","Uber Eats","Moderate","Service was extremely slow even though the restaurant was not busy."
"CUST-64346","2025-09-30","Philadelphia, PA","Order Accuracy","Wrong item","Phone","High","I ordered a chicken tacos, but received a completely different item."
"CUST-18891","2026-07-20","Willow Grove, PA","Food Quality","Stale ingredients","Email","Low","The breakfast burrito tasted like it had been made with yesterday's ingredients."
"CUST-35430","2026-08-06","King of Prussia, PA","Order Accuracy","Customization ignored","In-store","High","The order clearly said no onions, and the restaurant did not follow it."
"CUST-80381","2026-06-18","King of Prussia, PA","Cleanliness","Food handling","Uber Eats","Urgent","The food preparation area did not look clean."
"CUST-99848","2026-01-09","King of Prussia, PA","Service","Slow service","In-store","Low","It took 75 minutes before my order was ready."
"CUST-61061","2026-02-09","Warrington, PA","Cleanliness","Restroom","Mobile App","Moderate","The restroom was dirty and out of soap."
"CUST-49666","2026-04-12","Lansdale, PA","Delivery","Damaged/spilled","Phone","Moderate","The delivery bag was damaged and food had spilled inside it."
"CUST-75543","2026-03-16","Warrington, PA","Service","Rude staff","In-store","High","The employee at the counter was dismissive when I asked about my order."
"CUST-14791","2026-04-22","Allentown, PA","Food Quality","Undercooked/overcooked","Mobile App","Moderate","The meat in the street corn was cooked far too long and was tough. This was especially frustrating because I was ordering during my lunch break."
"CUST-16047","2026-06-01","New Britain, PA","Order Accuracy","Customization ignored","Website","Low","I requested no sour cream, but that customization was ignored."
"CUST-35237","2026-06-24","Willow Grove, PA","Service","Ignored customer","Phone","Low","I had to ask three times before someone would check on my order."
"CUST-83351","2025-09-28","Princeton, NJ","Order Accuracy","Wrong item","In-store","High","The bag had someone else's breakfast burrito instead of mine. I tried to resolve it at the restaurant but did not get much help."
"CUST-50812","2025-12-24","Cherry Hill, NJ","Food Quality","Portion size","Phone","Low","There was barely any filling in my street corn. The receipt and order confirmation both show what I originally requested."
"CUST-17051","2026-07-12","New Britain, PA","App & Online Ordering","Menu mismatch","In-store","Low","Prices in the app did not match the prices at the store."
"CUST-97932","2026-01-18","Princeton, NJ","Service","Rude staff","Phone","Moderate","Customer service was poor and the cashier was unnecessarily disrespectful."
"CUST-39333","2026-07-17","Warrington, PA","Food Quality","Undercooked/overcooked","Uber Eats","High","The meat in the quesadilla was cooked far too long and was tough. I tried to resolve it at the restaurant but did not get much help."
"CUST-52567","2026-07-07","Allentown, PA","App & Online Ordering","Menu mismatch","Google Review","High","Prices in the app did not match the prices at the store."
"CUST-89225","2025-10-27","Cherry Hill, NJ","Service","Rude staff","Email","Moderate","The staff member I spoke with was rude and seemed annoyed that I had a question."
"CUST-62535","2025-09-06","Cherry Hill, NJ","Food Quality","Cold food","Email","Moderate","The taco salad tasted like it had been sitting out for a while."
"CUST-87459","2026-01-22","Philadelphia, PA","Service","Ignored customer","Phone","High","I stood at the counter for several minutes before anyone acknowledged me."
"CUST-88128","2025-09-09","Allentown, PA","Cleanliness","Restroom","Uber Eats","Low","The restroom was in poor condition and supplies were empty."
"CUST-94540","2026-07-17","Doylestown, PA","Order Accuracy","Missing item","DoorDash","Low","I paid for a quesadilla, but it was not in the bag. This was especially frustrating because I was ordering during my lunch break."
"CUST-85750","2026-03-20","Allentown, PA","Food Quality","Incorrect preparation","Email","Moderate","My breakfast burrito was prepared completely differently from what I ordered."
"CUST-90149","2026-01-24","Princeton, NJ","Food Quality","Stale ingredients","Website","Moderate","The tortilla was stale and the vegetables seemed old."
"CUST-46989","2025-08-01","Doylestown, PA","Service","Rude staff","Google Review","Low","The staff member I spoke with was rude and seemed annoyed that I had a question."
"CUST-72242","2026-03-11","Warrington, PA","Order Accuracy","Customization ignored","Phone","Moderate","My dietary customization (mild salsa) was not honored."
"CUST-19403","2026-07-10","Doylestown, PA","Food Quality","Undercooked/overcooked","Mobile App","Moderate","My chips and queso seemed undercooked and I did not feel comfortable eating it."
"CUST-69558","2026-03-22","Princeton, NJ","Food Quality","Undercooked/overcooked","DoorDash","High","The meat in the chips and queso was cooked far too long and was tough. Please contact me about a refund or replacement."
"CUST-41031","2025-08-04","Princeton, NJ","Service","Slow service","Uber Eats","High","Service was extremely slow even though the restaurant was not busy."
"CUST-73115","2026-07-27","New Britain, PA","Order Accuracy","Customization ignored","Google Review","Low","My dietary customization (no cheese) was not honored."
"CUST-96997","2025-09-15","New Britain, PA","Food Quality","Portion size","Phone","Moderate","There was barely any filling in my guacamole."
"CUST-71503","2025-08-06","Cherry Hill, NJ","Billing & Pricing","Duplicate charge","Uber Eats","High","The payment failed in the app, but I was still charged twice."
"CUST-72018","2026-01-03","Cherry Hill, NJ","Billing & Pricing","Promotion not applied","Email","Low","I used a valid coupon, but the discount was not reflected in my total. I hope this can be addressed before my next visit."
"CUST-46418","2025-10-04","Willow Grove, PA","Food Quality","Cold food","Website","High","Everything in my order was lukewarm, especially the rice bowl."
"CUST-58466","2026-05-30","Warrington, PA","Food Quality","Stale ingredients","Mobile App","Moderate","The tortilla was stale and the vegetables seemed old."
"CUST-88059","2026-01-23","Warrington, PA","Order Accuracy","Customization ignored","Website","Urgent","I requested extra salsa, but that customization was ignored."
"CUST-25203","2026-01-24","Doylestown, PA","Cleanliness","Restroom","In-store","Moderate","The bathroom needed immediate cleaning. The receipt and order confirmation both show what I originally requested."
"CUST-29025","2026-07-28","Princeton, NJ","Food Quality","Undercooked/overcooked","DoorDash","High","My rice bowl seemed undercooked and I did not feel comfortable eating it. The receipt and order confirmation both show what I originally requested."
"CUST-79637","2026-07-16","King of Prussia, PA","App & Online Ordering","App error","In-store","Low","I kept getting an error when adding items to my cart."
"CUST-98511","2025-12-09","Lansdale, PA","Product Availability","Substitution","DoorDash","Moderate","I would rather have received a refund than an unrequested substitution. This was especially frustrating because I was ordering during my lunch break."
"CUST-11567","2026-07-11","Philadelphia, PA","Billing & Pricing","Duplicate charge","In-store","High","My card was charged twice for the same order. This was especially frustrating because I was ordering during my lunch break."
"CUST-91185","2025-12-07","New Britain, PA","Food Quality","Cold food","Phone","Low","Everything in my order was lukewarm, especially the guacamole."
"CUST-94922","2025-10-06","Cherry Hill, NJ","Food Quality","Portion size","DoorDash","Moderate","The serving size has gotten noticeably smaller. I hope this can be addressed before my next visit."
"CUST-46226","2025-09-08","Philadelphia, PA","Cleanliness","Dining area","Uber Eats","High","Several tables were dirty and had not been wiped down. The receipt and order confirmation both show what I originally requested."
"CUST-17872","2026-02-12","Willow Grove, PA","Billing & Pricing","Duplicate charge","DoorDash","Moderate","I see two identical charges for one purchase. This was especially frustrating because I was ordering during my lunch break."
"CUST-74494","2025-11-11","New Britain, PA","Product Availability","Substitution","DoorDash","Low","My order included a substitution I was never asked to approve."
"CUST-84887","2025-09-22","Willow Grove, PA","Food Quality","Undercooked/overcooked","In-store","Low","The churros was badly overcooked and dry."
"CUST-61292","2025-12-15","Cherry Hill, NJ","Cleanliness","Dining area","Mobile App","Moderate","The dining room floor was sticky and covered with food debris."
"CUST-73185","2025-08-02","New Britain, PA","Food Quality","Undercooked/overcooked","DoorDash","Urgent","My chips and queso seemed undercooked and I did not feel comfortable eating it."
"CUST-54572","2025-09-16","New Britain, PA","Delivery","Damaged/spilled","Google Review","Moderate","My breakfast burrito was crushed during delivery. The receipt and order confirmation both show what I originally requested."
"CUST-61131","2026-07-05","New Britain, PA","Cleanliness","Restroom","Phone","Low","The restroom was in poor condition and supplies were empty. Please contact me about a refund or replacement."
"CUST-18256","2025-08-13","Princeton, NJ","Delivery","Damaged/spilled","Phone","Moderate","My steak burrito was crushed during delivery. I have ordered from Taco Alley before and expected better."
"CUST-37745","2026-01-20","Princeton, NJ","Delivery","Damaged/spilled","In-store","Moderate","The delivery bag was damaged and food had spilled inside it."
"CUST-91051","2026-04-08","Doylestown, PA","Service","Ignored customer","In-store","Moderate","I had to ask three times before someone would check on my order. I have ordered from Taco Alley before and expected better."
"CUST-87469","2025-09-19","New Britain, PA","Order Accuracy","Customization ignored","Uber Eats","Moderate","I requested extra salsa, but that customization was ignored."
"CUST-98918","2026-03-07","Philadelphia, PA","Cleanliness","Dining area","Google Review","High","Several tables were dirty and had not been wiped down."
"CUST-53975","2025-11-18","New Britain, PA","Order Accuracy","Customization ignored","In-store","Moderate","My dietary customization (extra salsa) was not honored."
"CUST-92863","2026-05-25","Cherry Hill, NJ","Food Quality","Incorrect preparation","In-store","Low","The kitchen ignored my request for mild salsa. I have ordered from Taco Alley before and expected better."
"CUST-72391","2026-07-28","Warrington, PA","Order Accuracy","Missing item","Email","Moderate","My order was missing the guacamole. This was especially frustrating because I was ordering during my lunch break."
"CUST-75521","2026-06-09","Cherry Hill, NJ","Food Quality","Stale ingredients","In-store","Moderate","The guacamole tasted like it had been made with yesterday's ingredients."
"CUST-80742","2026-04-29","Princeton, NJ","Product Availability","Substitution","Website","Moderate","The restaurant replaced my chips and queso without contacting me. This was especially frustrating because I was ordering during my lunch break."
"CUST-30940","2026-07-17","Doylestown, PA","Food Quality","Incorrect preparation","Uber Eats","Moderate","The kitchen ignored my request for gluten-free preparation."
"CUST-16875","2026-03-21","Princeton, NJ","Food Quality","Stale ingredients","In-store","Low","The tortilla was stale and the vegetables seemed old."
"CUST-52725","2026-08-05","Philadelphia, PA","Food Quality","Cold food","Uber Eats","Moderate","The street corn tasted like it had been sitting out for a while."
"CUST-38922","2026-02-28","New Britain, PA","Food Quality","Stale ingredients","Phone","Moderate","The ingredients in my steak burrito did not taste fresh. The receipt and order confirmation both show what I originally requested."
"CUST-27878","2026-03-21","Allentown, PA","Service","Slow service","Mobile App","Moderate","I waited 30 minutes for a simple order."
"CUST-24563","2026-05-19","Allentown, PA","Billing & Pricing","Duplicate charge","In-store","Moderate","I see two identical charges for one purchase. The receipt and order confirmation both show what I originally requested."
"CUST-82450","2026-06-10","Lansdale, PA","Service","Rude staff","Mobile App","Moderate","The staff member I spoke with was rude and seemed annoyed that I had a question. The receipt and order confirmation both show what I originally requested."
"CUST-66917","2026-03-08","Cherry Hill, NJ","Food Quality","Portion size","Phone","Low","There was barely any filling in my nachos. The receipt and order confirmation both show what I originally requested."
"CUST-76088","2025-08-21","Doylestown, PA","Order Accuracy","Customization ignored","Uber Eats","Moderate","I requested no cheese, but that customization was ignored."
"CUST-63296","2025-09-12","Lansdale, PA","Service","Slow service","In-store","Moderate","Service was extremely slow even though the restaurant was not busy."
"CUST-84760","2026-01-04","Cherry Hill, NJ","Food Quality","Stale ingredients","Mobile App","Moderate","The ingredients in my breakfast burrito did not taste fresh."
"CUST-10178","2026-02-06","New Britain, PA","Food Quality","Undercooked/overcooked","Uber Eats","High","My quesadilla seemed undercooked and I did not feel comfortable eating it."
"CUST-20611","2025-12-17","Cherry Hill, NJ","Order Accuracy","Customization ignored","Phone","High","The order clearly said no cheese, and the restaurant did not follow it."
"CUST-32972","2026-03-27","Princeton, NJ","App & Online Ordering","Menu mismatch","In-store","Moderate","The app let me order an item that the restaurant said was unavailable. I tried to resolve it at the restaurant but did not get much help."
"CUST-86037","2026-06-29","Lansdale, PA","Billing & Pricing","Duplicate charge","Uber Eats","High","The payment failed in the app, but I was still charged twice. This was especially frustrating because I was ordering during my lunch break."
"CUST-55249","2025-12-20","Allentown, PA","Billing & Pricing","Overcharged","In-store","Low","There is an extra charge on my receipt that I do not recognize."
"CUST-70014","2026-07-11","New Britain, PA","Service","Ignored customer","Website","Low","I stood at the counter for several minutes before anyone acknowledged me."
"CUST-36772","2025-10-15","Princeton, NJ","Food Quality","Incorrect preparation","Uber Eats","Low","The kitchen ignored my request for no onions. The receipt and order confirmation both show what I originally requested."
"CUST-18250","2026-03-16","Doylestown, PA","Product Availability","Out of stock","In-store","Low","Several menu items were unavailable when I tried to order."
"CUST-97274","2026-07-02","Princeton, NJ","App & Online Ordering","App error","Google Review","Moderate","The mobile app would not let me complete checkout."
"CUST-47767","2025-11-25","Doylestown, PA","Cleanliness","Restroom","Uber Eats","Moderate","The bathroom needed immediate cleaning. I tried to resolve it at the restaurant but did not get much help."
"CUST-25324","2026-07-29","Doylestown, PA","Food Quality","Stale ingredients","Mobile App","Low","The tortilla was stale and the vegetables seemed old. I have ordered from Taco Alley before and expected better."
"CUST-29391","2025-08-18","King of Prussia, PA","Product Availability","Out of stock","Google Review","Urgent","Several menu items were unavailable when I tried to order. The receipt and order confirmation both show what I originally requested."
"CUST-51971","2026-04-13","Warrington, PA","Service","Rude staff","Mobile App","High","Customer service was poor and the cashier was unnecessarily disrespectful."
"CUST-67947","2026-05-21","King of Prussia, PA","Food Quality","Portion size","Mobile App","High","The serving size has gotten noticeably smaller."
"CUST-22121","2026-02-22","King of Prussia, PA","Billing & Pricing","Duplicate charge","Phone","Moderate","I see two identical charges for one purchase. This was especially frustrating because I was ordering during my lunch break."
"CUST-21452","2026-05-03","Princeton, NJ","Food Quality","Incorrect preparation","Uber Eats","Moderate","My street corn was prepared completely differently from what I ordered. This was especially frustrating because I was ordering during my lunch break."
"CUST-58867","2026-08-02","Doylestown, PA","Order Accuracy","Wrong item","DoorDash","Moderate","The bag had someone else's churros instead of mine."
"CUST-47831","2026-03-16","Warrington, PA","Order Accuracy","Wrong item","DoorDash","High","The bag had someone else's guacamole instead of mine."
"CUST-78852","2025-10-13","King of Prussia, PA","Cleanliness","Restroom","Phone","Low","The restroom was in poor condition and supplies were empty."
"CUST-70570","2025-12-18","Cherry Hill, NJ","Food Quality","Portion size","DoorDash","Low","There was barely any filling in my steak burrito."
"CUST-49834","2025-08-22","Allentown, PA","Billing & Pricing","Overcharged","Email","High","I was charged more than the price shown on the menu."
"CUST-97282","2026-06-22","Willow Grove, PA","Delivery","Damaged/spilled","Uber Eats","Low","The bag arrived soaked because the salsa container spilled everywhere. The receipt and order confirmation both show what I originally requested."
"CUST-57416","2026-04-10","Cherry Hill, NJ","Service","Slow service","Website","Moderate","It took 15 minutes before my order was ready. I tried to resolve it at the restaurant but did not get much help."
"CUST-31344","2026-08-11","Cherry Hill, NJ","Service","Slow service","In-store","High","Service was extremely slow even though the restaurant was not busy."
"CUST-56659","2026-02-01","Doylestown, PA","Food Quality","Stale ingredients","DoorDash","Moderate","The tortilla was stale and the vegetables seemed old. I tried to resolve it at the restaurant but did not get much help."
"CUST-51446","2026-06-03","Willow Grove, PA","Order Accuracy","Customization ignored","Mobile App","Moderate","My dietary customization (gluten-free preparation) was not honored."
"CUST-46885","2025-10-13","King of Prussia, PA","Order Accuracy","Customization ignored","In-store","Low","My dietary customization (no onions) was not honored."
"CUST-20013","2025-11-05","New Britain, PA","Cleanliness","Restroom","Website","Moderate","The bathroom needed immediate cleaning. I have ordered from Taco Alley before and expected better."
"CUST-49935","2026-06-02","Doylestown, PA","Cleanliness","Dining area","Google Review","Low","The dining room floor was sticky and covered with food debris. Please contact me about a refund or replacement."
"CUST-24643","2025-10-06","New Britain, PA","Billing & Pricing","Overcharged","Website","Moderate","I was charged more than the price shown on the menu. I have ordered from Taco Alley before and expected better."
"CUST-43162","2026-04-20","Doylestown, PA","Food Quality","Undercooked/overcooked","In-store","High","My chicken tacos seemed undercooked and I did not feel comfortable eating it. The receipt and order confirmation both show what I originally requested."
"CUST-29078","2025-11-03","Willow Grove, PA","Food Quality","Cold food","Google Review","Low","My steak burrito was cold when I received it."
"CUST-35106","2025-09-20","Willow Grove, PA","Product Availability","Substitution","In-store","Moderate","The restaurant replaced my quesadilla without contacting me."
"CUST-87251","2026-07-29","Warrington, PA","Food Quality","Portion size","Uber Eats","Moderate","The portion of taco salad was much smaller than I expected for the price."
"CUST-51193","2026-02-25","New Britain, PA","Service","Rude staff","Website","Moderate","The employee at the counter was dismissive when I asked about my order. I have ordered from Taco Alley before and expected better."
"CUST-25167","2025-08-21","Philadelphia, PA","Service","Ignored customer","Website","Low","I stood at the counter for several minutes before anyone acknowledged me."
"CUST-19123","2025-12-27","Allentown, PA","Order Accuracy","Customization ignored","DoorDash","Low","My dietary customization (extra guacamole) was not honored."
"CUST-61748","2026-04-25","Philadelphia, PA","App & Online Ordering","Order not received","Website","Low","I placed and paid for an online order, but the store said they never received it."
"CUST-62990","2026-01-21","New Britain, PA","Billing & Pricing","Overcharged","Phone","Moderate","My total was incorrect and I appear to have been overcharged."
"CUST-97382","2026-06-26","Cherry Hill, NJ","Order Accuracy","Wrong item","DoorDash","Moderate","My receipt was correct, but the guacamole in the bag was wrong."
"CUST-27643","2026-04-08","Doylestown, PA","Product Availability","Substitution","Uber Eats","Low","I would rather have received a refund than an unrequested substitution. I tried to resolve it at the restaurant but did not get much help."
"CUST-91522","2026-07-14","Cherry Hill, NJ","Food Quality","Cold food","Google Review","Low","My guacamole was cold when I received it."
"CUST-81098","2026-04-12","King of Prussia, PA","Food Quality","Cold food","Uber Eats","Moderate","Everything in my order was lukewarm, especially the street corn. The receipt and order confirmation both show what I originally requested."
"CUST-59327","2025-09-30","Allentown, PA","Cleanliness","Food handling","DoorDash","High","I was concerned by the way employees were handling ready-to-eat ingredients."
"CUST-73891","2025-10-08","New Britain, PA","Service","Rude staff","Email","Moderate","The employee at the counter was dismissive when I asked about my order."
"CUST-74840","2025-10-20","Cherry Hill, NJ","Delivery","Damaged/spilled","In-store","Moderate","The delivery bag was damaged and food had spilled inside it."
"CUST-86541","2025-10-05","Doylestown, PA","Product Availability","Substitution","Google Review","Low","The restaurant replaced my fish tacos without contacting me."
"CUST-96670","2026-01-30","Lansdale, PA","Billing & Pricing","Duplicate charge","DoorDash","Moderate","I see two identical charges for one purchase."
"CUST-80571","2025-09-28","King of Prussia, PA","Order Accuracy","Customization ignored","Google Review","Low","The order clearly said no onions, and the restaurant did not follow it."
"CUST-59510","2026-05-29","Cherry Hill, NJ","Food Quality","Undercooked/overcooked","In-store","Urgent","The meat in the street corn was cooked far too long and was tough. Please contact me about a refund or replacement."
"CUST-49258","2026-04-15","King of Prussia, PA","Order Accuracy","Customization ignored","Google Review","Low","I requested no onions, but that customization was ignored."
"CUST-62694","2025-08-25","Lansdale, PA","Product Availability","Out of stock","Email","Urgent","Several menu items were unavailable when I tried to order. I tried to resolve it at the restaurant but did not get much help."
"CUST-55523","2025-09-04","New Britain, PA","Delivery","Late delivery","Uber Eats","Moderate","The delivery estimate kept changing and my food arrived much later than promised."
"CUST-69405","2026-02-22","Princeton, NJ","Delivery","Damaged/spilled","Email","Moderate","The delivery bag was damaged and food had spilled inside it. Please contact me about a refund or replacement."
"CUST-93614","2026-07-05","Princeton, NJ","Food Quality","Cold food","Uber Eats","Low","Everything in my order was lukewarm, especially the taco salad."
"CUST-99824","2025-10-15","Willow Grove, PA","Cleanliness","Restroom","Phone","Low","The restroom was in poor condition and supplies were empty. Please contact me about a refund or replacement."
"CUST-88804","2026-06-27","Lansdale, PA","Cleanliness","Restroom","Mobile App","Low","The bathroom needed immediate cleaning. I tried to resolve it at the restaurant but did not get much help."
"CUST-67164","2026-01-06","Philadelphia, PA","Service","Rude staff","Uber Eats","Moderate","The employee at the counter was dismissive when I asked about my order."
"CUST-15535","2026-07-04","Allentown, PA","Delivery","Late delivery","Mobile App","Moderate","My delivery arrived 25 minutes later than the estimate. I tried to resolve it at the restaurant but did not get much help."
"CUST-21836","2026-02-25","Philadelphia, PA","Cleanliness","Dining area","Google Review","Moderate","Several tables were dirty and had not been wiped down."
"CUST-21829","2026-05-25","Lansdale, PA","Product Availability","Out of stock","Email","Moderate","The restaurant was out of steak burrito again."
"CUST-38063","2025-11-20","Willow Grove, PA","Delivery","Damaged/spilled","Mobile App","Low","My churros was crushed during delivery."
"CUST-72240","2025-09-27","Lansdale, PA","Service","Slow service","Google Review","Moderate","It took 60 minutes before my order was ready."
"CUST-98027","2025-08-18","Lansdale, PA","Product Availability","Out of stock","In-store","Moderate","Several menu items were unavailable when I tried to order. I hope this can be addressed before my next visit."
"CUST-61508","2025-11-30","Willow Grove, PA","Order Accuracy","Wrong item","Uber Eats","Moderate","The bag had someone else's breakfast burrito instead of mine."
"CUST-45918","2026-06-26","New Britain, PA","Order Accuracy","Missing item","DoorDash","High","I paid for a nachos, but it was not in the bag."
"CUST-76366","2025-09-21","New Britain, PA","Cleanliness","Restroom","Mobile App","Moderate","The bathroom needed immediate cleaning."
"CUST-94030","2025-08-27","Warrington, PA","Order Accuracy","Customization ignored","Mobile App","Moderate","My dietary customization (mild salsa) was not honored."
"CUST-99883","2025-12-06","Philadelphia, PA","Food Quality","Incorrect preparation","Mobile App","High","My rice bowl was prepared completely differently from what I ordered. I have ordered from Taco Alley before and expected better."
"CUST-64328","2026-01-15","King of Prussia, PA","Cleanliness","Restroom","Email","Low","The bathroom needed immediate cleaning. I hope this can be addressed before my next visit."
"CUST-70610","2026-06-28","Lansdale, PA","Food Quality","Undercooked/overcooked","Phone","Urgent","The meat in the nachos was cooked far too long and was tough."
"CUST-25381","2026-02-05","Doylestown, PA","Order Accuracy","Missing item","Mobile App","High","My order was missing the chips and queso. This was especially frustrating because I was ordering during my lunch break."
"CUST-74771","2025-11-06","Philadelphia, PA","Billing & Pricing","Promotion not applied","Email","Low","I used a valid coupon, but the discount was not reflected in my total. I have ordered from Taco Alley before and expected better."
"CUST-44314","2026-02-26","Lansdale, PA","Food Quality","Incorrect preparation","Mobile App","Low","My nachos was prepared completely differently from what I ordered."
"CUST-60265","2026-01-13","Philadelphia, PA","Delivery","Late delivery","DoorDash","Moderate","The order was very late and the food was cold by the time it arrived. I have ordered from Taco Alley before and expected better."
"CUST-89478","2025-11-29","Cherry Hill, NJ","Billing & Pricing","Promotion not applied","Uber Eats","High","The advertised promotion did not apply at checkout."
"CUST-83342","2026-07-10","Doylestown, PA","Billing & Pricing","Overcharged","Google Review","Low","I was charged more than the price shown on the menu."
"CUST-79523","2025-10-07","Philadelphia, PA","Delivery","Damaged/spilled","Website","Low","The bag arrived soaked because the salsa container spilled everywhere."
"CUST-47083","2025-12-22","Willow Grove, PA","Food Quality","Cold food","Google Review","High","The chicken tacos tasted like it had been sitting out for a while."
"CUST-29480","2025-10-17","Doylestown, PA","Delivery","Damaged/spilled","Uber Eats","Low","The delivery bag was damaged and food had spilled inside it. Please contact me about a refund or replacement."
"CUST-83512","2026-04-11","Allentown, PA","Order Accuracy","Missing item","In-store","Moderate","I paid for a rice bowl, but it was not in the bag."
"CUST-45755","2025-11-01","Cherry Hill, NJ","Service","Rude staff","Mobile App","Moderate","Customer service was poor and the cashier was unnecessarily disrespectful. I tried to resolve it at the restaurant but did not get much help."
"CUST-42264","2025-11-01","Allentown, PA","App & Online Ordering","Menu mismatch","DoorDash","High","The app let me order an item that the restaurant said was unavailable."
"CUST-20625","2025-09-24","Allentown, PA","Billing & Pricing","Promotion not applied","Google Review","Low","The advertised promotion did not apply at checkout."
"CUST-69388","2026-01-16","King of Prussia, PA","Cleanliness","Food handling","In-store","High","The food preparation area did not look clean."
"CUST-43444","2025-09-06","Warrington, PA","Product Availability","Out of stock","DoorDash","Low","The restaurant was out of chicken tacos again."
"CUST-95729","2026-02-23","Warrington, PA","Order Accuracy","Wrong item","Email","Moderate","I ordered a chicken tacos, but received a completely different item."
"CUST-74175","2025-09-19","Allentown, PA","Food Quality","Undercooked/overcooked","Google Review","High","My taco salad seemed undercooked and I did not feel comfortable eating it. The receipt and order confirmation both show what I originally requested."
"CUST-65838","2026-02-05","New Britain, PA","App & Online Ordering","Order not received","Mobile App","Moderate","The app confirmed my order, but the restaurant had no record of it."
"CUST-67325","2026-04-27","New Britain, PA","Food Quality","Stale ingredients","Website","Low","The tortilla was stale and the vegetables seemed old."
"CUST-16255","2026-04-25","Princeton, NJ","App & Online Ordering","Order not received","DoorDash","Low","The app confirmed my order, but the restaurant had no record of it."
"CUST-86751","2026-08-04","New Britain, PA","Food Quality","Cold food","Email","Moderate","Everything in my order was lukewarm, especially the steak burrito. The receipt and order confirmation both show what I originally requested."
"CUST-49013","2026-02-18","King of Prussia, PA","Billing & Pricing","Overcharged","In-store","Low","I was charged more than the price shown on the menu."
"CUST-89174","2025-11-04","Willow Grove, PA","Delivery","Damaged/spilled","Phone","Low","The delivery bag was damaged and food had spilled inside it."
"CUST-70314","2025-08-07","Philadelphia, PA","App & Online Ordering","App error","Mobile App","Moderate","I kept getting an error when adding items to my cart."
"CUST-98487","2026-06-12","Philadelphia, PA","App & Online Ordering","Menu mismatch","Google Review","Moderate","The online menu showed options that this location does not carry."
"CUST-37424","2026-07-23","Allentown, PA","Cleanliness","Dining area","Phone","High","Several tables were dirty and had not been wiped down. This was especially frustrating because I was ordering during my lunch break."
"CUST-25264","2025-10-15","Warrington, PA","Delivery","Wrong address/dropoff","Uber Eats","Moderate","The driver left my order at the wrong house. Please contact me about a refund or replacement."
"CUST-84636","2026-05-27","Philadelphia, PA","App & Online Ordering","Menu mismatch","Phone","Low","The online menu showed options that this location does not carry. Please contact me about a refund or replacement."
"CUST-62386","2026-08-13","Allentown, PA","Food Quality","Cold food","Email","Low","My breakfast burrito was cold when I received it."
"CUST-51399","2026-04-28","Princeton, NJ","Service","Ignored customer","In-store","Moderate","I had to ask three times before someone would check on my order."
"CUST-12727","2026-01-25","Warrington, PA","Food Quality","Undercooked/overcooked","Uber Eats","High","My steak burrito seemed undercooked and I did not feel comfortable eating it."
"CUST-96108","2026-05-28","Allentown, PA","Order Accuracy","Missing item","Google Review","High","I paid for a fish tacos, but it was not in the bag."
"CUST-31237","2026-07-11","Cherry Hill, NJ","Food Quality","Stale ingredients","Google Review","High","The taco salad tasted like it had been made with yesterday's ingredients."
"CUST-74713","2026-04-09","Willow Grove, PA","Food Quality","Cold food","Website","High","Everything in my order was lukewarm, especially the guacamole. I hope this can be addressed before my next visit."
"CUST-75991","2025-10-21","Doylestown, PA","Order Accuracy","Customization ignored","Mobile App","High","I requested mild salsa, but that customization was ignored."
"CUST-56562","2026-04-07","Doylestown, PA","Cleanliness","Restroom","Email","Urgent","The bathroom needed immediate cleaning."
"CUST-24539","2026-03-13","New Britain, PA","Cleanliness","Food handling","Uber Eats","Urgent","The food preparation area did not look clean."
"CUST-30582","2025-09-30","Willow Grove, PA","Cleanliness","Food handling","Phone","Urgent","I saw an employee handle food and then touch the register without changing gloves. The receipt and order confirmation both show what I originally requested."
"CUST-36462","2026-01-19","Allentown, PA","Billing & Pricing","Duplicate charge","Mobile App","Moderate","I see two identical charges for one purchase."
"CUST-64396","2025-09-13","King of Prussia, PA","Product Availability","Out of stock","Email","Moderate","The restaurant was out of guacamole again."
"CUST-77653","2026-02-28","King of Prussia, PA","Delivery","Late delivery","DoorDash","High","My delivery arrived 30 minutes later than the estimate. Please contact me about a refund or replacement."
"CUST-61546","2026-02-22","Doylestown, PA","Product Availability","Substitution","Mobile App","Moderate","My order included a substitution I was never asked to approve."
"CUST-82562","2026-03-03","Willow Grove, PA","Delivery","Wrong address/dropoff","DoorDash","Urgent","The driver left my order at the wrong house."
"CUST-36887","2025-10-15","Princeton, NJ","Billing & Pricing","Promotion not applied","DoorDash","Moderate","I used a valid coupon, but the discount was not reflected in my total."
"CUST-53842","2026-01-02","Philadelphia, PA","Delivery","Wrong address/dropoff","Website","Low","The delivery photo showed a location that was not my address."
"CUST-30975","2026-01-07","Doylestown, PA","Billing & Pricing","Duplicate charge","Google Review","High","My card was charged twice for the same order. I hope this can be addressed before my next visit."
"CUST-58887","2026-04-16","Willow Grove, PA","Food Quality","Portion size","Website","Moderate","The serving size has gotten noticeably smaller."
"CUST-40945","2025-08-03","Cherry Hill, NJ","Delivery","Damaged/spilled","Uber Eats","Low","The bag arrived soaked because the salsa container spilled everywhere. The receipt and order confirmation both show what I originally requested."
"CUST-78113","2026-08-02","Lansdale, PA","Delivery","Wrong address/dropoff","Mobile App","High","The delivery photo showed a location that was not my address. The receipt and order confirmation both show what I originally requested."
"CUST-18151","2026-03-06","Philadelphia, PA","Food Quality","Portion size","DoorDash","Low","The serving size has gotten noticeably smaller. The receipt and order confirmation both show what I originally requested."
"CUST-86585","2026-02-23","Allentown, PA","App & Online Ordering","Order not received","DoorDash","High","I placed and paid for an online order, but the store said they never received it."
"CUST-77264","2026-04-06","Princeton, NJ","Delivery","Damaged/spilled","Uber Eats","Low","The delivery bag was damaged and food had spilled inside it. I have ordered from Taco Alley before and expected better."
"CUST-63558","2026-02-06","New Britain, PA","Food Quality","Incorrect preparation","Website","Moderate","The kitchen ignored my request for no cheese."
"CUST-13667","2026-02-08","Warrington, PA","Food Quality","Portion size","Email","Low","There was barely any filling in my chicken tacos."
"CUST-55698","2026-04-08","New Britain, PA","Food Quality","Portion size","In-store","Low","There was barely any filling in my chicken tacos. The receipt and order confirmation both show what I originally requested."
"CUST-89391","2026-01-20","Warrington, PA","App & Online Ordering","Order not received","DoorDash","Moderate","The app confirmed my order, but the restaurant had no record of it."
"CUST-97097","2026-01-14","Cherry Hill, NJ","Billing & Pricing","Duplicate charge","Website","High","The payment failed in the app, but I was still charged twice. The receipt and order confirmation both show what I originally requested."
"CUST-13251","2026-06-27","Cherry Hill, NJ","Service","Rude staff","Website","High","The staff member I spoke with was rude and seemed annoyed that I had a question."
"CUST-78387","2026-05-05","Lansdale, PA","Delivery","Wrong address/dropoff","In-store","Urgent","My order was marked delivered, but it was not at my door. I hope this can be addressed before my next visit."
"CUST-79932","2025-12-04","Cherry Hill, NJ","Billing & Pricing","Duplicate charge","Uber Eats","Low","My card was charged twice for the same order. I have ordered from Taco Alley before and expected better."
"CUST-51599","2026-03-01","Philadelphia, PA","Order Accuracy","Customization ignored","In-store","High","I requested no cheese, but that customization was ignored."
"CUST-63382","2025-09-15","Warrington, PA","Order Accuracy","Missing item","Mobile App","Low","My order was missing the street corn. I tried to resolve it at the restaurant but did not get much help."
"CUST-52495","2026-01-11","Willow Grove, PA","Food Quality","Stale ingredients","Mobile App","Moderate","The ingredients in my chicken tacos did not taste fresh."
"CUST-45296","2026-04-10","Doylestown, PA","Order Accuracy","Missing item","DoorDash","High","My order was missing the nachos."
"CUST-86830","2025-11-28","New Britain, PA","Order Accuracy","Customization ignored","In-store","Low","The order clearly said extra guacamole, and the restaurant did not follow it."
"CUST-28660","2025-09-12","King of Prussia, PA","Order Accuracy","Customization ignored","Phone","High","My dietary customization (no sour cream) was not honored."
"CUST-91360","2025-08-01","Willow Grove, PA","Service","Rude staff","Uber Eats","Urgent","The employee at the counter was dismissive when I asked about my order."
"CUST-92864","2026-07-15","Lansdale, PA","Delivery","Late delivery","DoorDash","Urgent","My delivery arrived 35 minutes later than the estimate."
"CUST-26118","2026-01-01","Warrington, PA","Delivery","Wrong address/dropoff","Website","Moderate","My order was marked delivered, but it was not at my door."
"CUST-96805","2026-07-29","King of Prussia, PA","Billing & Pricing","Promotion not applied","Uber Eats","Low","I used a valid coupon, but the discount was not reflected in my total."
"CUST-11255","2025-08-02","Warrington, PA","Order Accuracy","Wrong item","Uber Eats","Low","My receipt was correct, but the fish tacos in the bag was wrong."
"CUST-98029","2026-06-30","Allentown, PA","Service","Ignored customer","Website","Moderate","I had to ask three times before someone would check on my order. The receipt and order confirmation both show what I originally requested."
"CUST-35295","2025-08-05","Allentown, PA","Billing & Pricing","Promotion not applied","Website","Moderate","I used a valid coupon, but the discount was not reflected in my total. The receipt and order confirmation both show what I originally requested."
"CUST-38986","2026-06-17","Lansdale, PA","Food Quality","Cold food","Email","High","The breakfast burrito tasted like it had been sitting out for a while. I hope this can be addressed before my next visit."
"CUST-46352","2026-06-23","Cherry Hill, NJ","Product Availability","Substitution","DoorDash","Low","My order included a substitution I was never asked to approve. I have ordered from Taco Alley before and expected better."
"CUST-84698","2025-09-03","Lansdale, PA","Service","Rude staff","Mobile App","Low","Customer service was poor and the cashier was unnecessarily disrespectful."
"CUST-65982","2026-07-15","Doylestown, PA","App & Online Ordering","Menu mismatch","Uber Eats","Low","Prices in the app did not match the prices at the store."
"CUST-15697","2026-03-27","Lansdale, PA","App & Online Ordering","Order not received","Uber Eats","Moderate","The app confirmed my order, but the restaurant had no record of it."
"CUST-13325","2026-01-19","Lansdale, PA","Food Quality","Undercooked/overcooked","Website","Urgent","The meat in the guacamole was cooked far too long and was tough."
"CUST-66616","2025-09-02","Doylestown, PA","Product Availability","Substitution","Website","Low","My order included a substitution I was never asked to approve."
"CUST-78114","2026-01-22","Lansdale, PA","Delivery","Wrong address/dropoff","In-store","High","My order was marked delivered, but it was not at my door."
"CUST-18523","2025-08-18","Warrington, PA","Product Availability","Substitution","DoorDash","Low","My order included a substitution I was never asked to approve. This was especially frustrating because I was ordering during my lunch break."
"CUST-59998","2026-05-14","Philadelphia, PA","Food Quality","Undercooked/overcooked","In-store","Moderate","The rice bowl was badly overcooked and dry. This was especially frustrating because I was ordering during my lunch break."
"CUST-98575","2026-03-08","Doylestown, PA","Food Quality","Undercooked/overcooked","Website","Moderate","The churros was badly overcooked and dry."
"CUST-26512","2025-09-04","Princeton, NJ","Service","Slow service","Phone","High","It took 20 minutes before my order was ready. The receipt and order confirmation both show what I originally requested."
"CUST-67127","2025-08-31","Princeton, NJ","Order Accuracy","Wrong item","Mobile App","Low","The bag had someone else's taco salad instead of mine. This was especially frustrating because I was ordering during my lunch break."
"CUST-11059","2026-06-05","Princeton, NJ","Product Availability","Substitution","Google Review","Low","The restaurant replaced my churros without contacting me."
"CUST-35612","2026-05-14","Lansdale, PA","Delivery","Wrong address/dropoff","In-store","Moderate","The driver left my order at the wrong house."
"CUST-84199","2026-03-28","King of Prussia, PA","Delivery","Late delivery","Google Review","High","My delivery arrived 50 minutes later than the estimate."
"CUST-10484","2025-08-22","Lansdale, PA","Delivery","Damaged/spilled","Uber Eats","Low","My quesadilla was crushed during delivery."
"CUST-34149","2026-01-17","Doylestown, PA","Billing & Pricing","Promotion not applied","DoorDash","Low","The app showed a deal, but the restaurant would not honor it."
"CUST-13890","2026-06-20","Lansdale, PA","Order Accuracy","Missing item","Google Review","Low","I paid for a chicken tacos, but it was not in the bag. I have ordered from Taco Alley before and expected better."
"CUST-33078","2025-12-04","Willow Grove, PA","Food Quality","Incorrect preparation","Mobile App","Low","I asked for extra salsa, but the rice bowl was made incorrectly."
"CUST-58449","2025-11-16","King of Prussia, PA","App & Online Ordering","App error","Email","Moderate","The mobile app would not let me complete checkout."
"CUST-59054","2025-11-06","King of Prussia, PA","Delivery","Wrong address/dropoff","Phone","High","The delivery photo showed a location that was not my address. I have ordered from Taco Alley before and expected better."
"CUST-46709","2026-01-15","Warrington, PA","Delivery","Wrong address/dropoff","Phone","Low","The driver left my order at the wrong house. I have ordered from Taco Alley before and expected better."
"CUST-60871","2026-06-11","Princeton, NJ","App & Online Ordering","Menu mismatch","Website","Low","Prices in the app did not match the prices at the store."
"CUST-86177","2026-04-05","Philadelphia, PA","Order Accuracy","Customization ignored","Uber Eats","Moderate","The order clearly said mild salsa, and the restaurant did not follow it."
"CUST-50107","2026-03-20","Philadelphia, PA","Delivery","Wrong address/dropoff","Phone","Moderate","The delivery photo showed a location that was not my address."
"CUST-40169","2025-12-30","Cherry Hill, NJ","App & Online Ordering","Menu mismatch","Uber Eats","Moderate","The app let me order an item that the restaurant said was unavailable. This was especially frustrating because I was ordering during my lunch break."
"CUST-51552","2026-02-26","Willow Grove, PA","Food Quality","Portion size","Google Review","High","The serving size has gotten noticeably smaller."
"CUST-77212","2025-09-12","Princeton, NJ","Order Accuracy","Missing item","Email","High","I paid for a nachos, but it was not in the bag."
"CUST-98487","2026-05-07","King of Prussia, PA","Delivery","Damaged/spilled","Phone","Low","The bag arrived soaked because the salsa container spilled everywhere."
"CUST-49252","2026-08-02","Willow Grove, PA","Order Accuracy","Customization ignored","Email","Low","My dietary customization (gluten-free preparation) was not honored."
"CUST-37508","2025-10-16","Allentown, PA","Cleanliness","Restroom","DoorDash","Low","The bathroom needed immediate cleaning."
"CUST-64747","2026-01-08","Lansdale, PA","Order Accuracy","Customization ignored","Phone","Moderate","My dietary customization (extra guacamole) was not honored."
"CUST-96356","2026-01-04","King of Prussia, PA","Service","Ignored customer","In-store","Moderate","I stood at the counter for several minutes before anyone acknowledged me."
"CUST-30144","2025-08-12","King of Prussia, PA","Order Accuracy","Wrong item","In-store","High","The bag had someone else's breakfast burrito instead of mine. I hope this can be addressed before my next visit."
"CUST-24239","2025-09-02","King of Prussia, PA","Delivery","Wrong address/dropoff","DoorDash","Moderate","The delivery photo showed a location that was not my address. Please contact me about a refund or replacement."
"CUST-89084","2025-10-30","Allentown, PA","Delivery","Damaged/spilled","In-store","High","The delivery bag was damaged and food had spilled inside it. I hope this can be addressed before my next visit."
"CUST-58319","2026-04-26","Princeton, NJ","Food Quality","Incorrect preparation","Website","Moderate","I asked for no sour cream, but the chips and queso was made incorrectly. The receipt and order confirmation both show what I originally requested."
"CUST-37063","2026-04-02","Warrington, PA","Food Quality","Stale ingredients","Website","Moderate","The tortilla was stale and the vegetables seemed old. Please contact me about a refund or replacement."
"CUST-99762","2026-01-06","Allentown, PA","App & Online Ordering","Order not received","Phone","Moderate","The app confirmed my order, but the restaurant had no record of it."
"CUST-74350","2025-12-05","Allentown, PA","Order Accuracy","Missing item","Google Review","High","My order was missing the guacamole."
"CUST-32954","2026-07-31","Philadelphia, PA","Service","Rude staff","Email","Moderate","Customer service was poor and the cashier was unnecessarily disrespectful."
"CUST-15723","2025-11-02","Lansdale, PA","Order Accuracy","Customization ignored","Website","Moderate","My dietary customization (extra guacamole) was not honored."
"CUST-63907","2026-08-05","Princeton, NJ","App & Online Ordering","App error","Phone","High","I kept getting an error when adding items to my cart."
"CUST-70577","2025-12-08","Doylestown, PA","Food Quality","Stale ingredients","Phone","Moderate","The ingredients in my steak burrito did not taste fresh."
"CUST-27888","2025-08-06","King of Prussia, PA","Food Quality","Undercooked/overcooked","Email","Moderate","My fish tacos seemed undercooked and I did not feel comfortable eating it."
"CUST-46587","2025-12-03","Warrington, PA","Billing & Pricing","Promotion not applied","Uber Eats","Low","I used a valid coupon, but the discount was not reflected in my total."
"CUST-11469","2026-02-17","Willow Grove, PA","Food Quality","Cold food","Mobile App","Low","Everything in my order was lukewarm, especially the steak burrito. The receipt and order confirmation both show what I originally requested."
"CUST-50412","2025-08-25","Allentown, PA","Food Quality","Stale ingredients","Website","Moderate","The ingredients in my nachos did not taste fresh. The receipt and order confirmation both show what I originally requested."
"CUST-65270","2025-12-01","Doylestown, PA","Food Quality","Cold food","Phone","Low","My chips and queso was cold when I received it."
"CUST-15768","2025-09-19","Philadelphia, PA","Product Availability","Substitution","Mobile App","Moderate","My order included a substitution I was never asked to approve."
"CUST-38020","2026-02-19","New Britain, PA","Service","Slow service","DoorDash","Low","Service was extremely slow even though the restaurant was not busy. I hope this can be addressed before my next visit."
"CUST-46497","2026-03-23","Cherry Hill, NJ","Order Accuracy","Missing item","Phone","Low","My order was missing the chips and queso."
"CUST-22418","2025-09-22","Cherry Hill, NJ","Order Accuracy","Missing item","Mobile App","Low","My order was missing the chips and queso."
"CUST-12313","2026-01-10","Cherry Hill, NJ","Order Accuracy","Customization ignored","Uber Eats","Low","My dietary customization (extra salsa) was not honored. The receipt and order confirmation both show what I originally requested."
"CUST-26260","2025-08-07","Willow Grove, PA","App & Online Ordering","Order not received","Phone","Low","The app confirmed my order, but the restaurant had no record of it."
"CUST-36789","2025-12-30","Doylestown, PA","Order Accuracy","Wrong item","Phone","Low","I ordered a churros, but received a completely different item. Please contact me about a refund or replacement."
"CUST-47808","2025-08-21","Doylestown, PA","Order Accuracy","Customization ignored","DoorDash","Moderate","My dietary customization (mild salsa) was not honored. The receipt and order confirmation both show what I originally requested."
"CUST-39156","2026-07-07","Cherry Hill, NJ","Order Accuracy","Customization ignored","Phone","High","The order clearly said gluten-free preparation, and the restaurant did not follow it."
"CUST-28550","2025-09-05","Lansdale, PA","App & Online Ordering","Menu mismatch","Phone","Low","Prices in the app did not match the prices at the store. Please contact me about a refund or replacement."
"CUST-35891","2026-03-07","Lansdale, PA","Food Quality","Incorrect preparation","Uber Eats","Low","My street corn was prepared completely differently from what I ordered."
"CUST-73068","2026-06-22","New Britain, PA","Service","Ignored customer","Phone","Low","I stood at the counter for several minutes before anyone acknowledged me."
"CUST-73176","2026-04-16","Doylestown, PA","Product Availability","Substitution","DoorDash","Moderate","The restaurant replaced my chips and queso without contacting me."
"CUST-69454","2025-12-10","Willow Grove, PA","Billing & Pricing","Promotion not applied","DoorDash","Moderate","The advertised promotion did not apply at checkout."
"CUST-10547","2025-11-09","Doylestown, PA","Order Accuracy","Customization ignored","Mobile App","High","The order clearly said mild salsa, and the restaurant did not follow it."
"CUST-50345","2026-02-19","Cherry Hill, NJ","App & Online Ordering","Menu mismatch","Google Review","Moderate","The online menu showed options that this location does not carry."
"CUST-74044","2025-12-09","King of Prussia, PA","Food Quality","Cold food","Google Review","Moderate","My chips and queso was cold when I received it."
"CUST-94585","2026-02-02","Warrington, PA","Billing & Pricing","Duplicate charge","In-store","High","I see two identical charges for one purchase."
"CUST-22098","2026-07-06","Philadelphia, PA","Order Accuracy","Wrong item","Mobile App","Low","My receipt was correct, but the quesadilla in the bag was wrong."
"CUST-79887","2025-12-08","Philadelphia, PA","Order Accuracy","Customization ignored","Email","Moderate","I requested gluten-free preparation, but that customization was ignored. Please contact me about a refund or replacement."
"CUST-37462","2026-01-24","Philadelphia, PA","Delivery","Wrong address/dropoff","Mobile App","Moderate","My order was marked delivered, but it was not at my door."
"CUST-66485","2026-03-02","Warrington, PA","Billing & Pricing","Overcharged","DoorDash","Moderate","I was charged more than the price shown on the menu. The receipt and order confirmation both show what I originally requested."
"CUST-17730","2026-03-19","Warrington, PA","Food Quality","Incorrect preparation","Phone","Low","My quesadilla was prepared completely differently from what I ordered. This was especially frustrating because I was ordering during my lunch break."
"CUST-59509","2025-10-25","New Britain, PA","Cleanliness","Dining area","Website","Low","The dining room floor was sticky and covered with food debris. The receipt and order confirmation both show what I originally requested."
"CUST-10947","2025-09-21","Cherry Hill, NJ","Order Accuracy","Wrong item","In-store","Low","I ordered a churros, but received a completely different item."
"CUST-54175","2025-12-15","Cherry Hill, NJ","Cleanliness","Dining area","Uber Eats","Moderate","Several tables were dirty and had not been wiped down."
"CUST-17502","2026-07-07","King of Prussia, PA","Service","Slow service","DoorDash","Moderate","It took 30 minutes before my order was ready."
"CUST-42576","2026-04-29","King of Prussia, PA","App & Online Ordering","App error","Email","High","The app crashed while I was trying to place my order. This was especially frustrating because I was ordering during my lunch break."
"CUST-15997","2026-01-12","King of Prussia, PA","Service","Ignored customer","In-store","Moderate","I had to ask three times before someone would check on my order. The receipt and order confirmation both show what I originally requested."
"CUST-72406","2026-01-26","New Britain, PA","Billing & Pricing","Overcharged","DoorDash","High","My total was incorrect and I appear to have been overcharged."
"CUST-21415","2026-08-02","Willow Grove, PA","Billing & Pricing","Promotion not applied","In-store","Low","The app showed a deal, but the restaurant would not honor it."
"CUST-32338","2026-05-04","New Britain, PA","Cleanliness","Food handling","Phone","Moderate","The food preparation area did not look clean."
"CUST-97897","2026-07-07","New Britain, PA","Food Quality","Cold food","Uber Eats","High","My fish tacos was cold when I received it. I tried to resolve it at the restaurant but did not get much help."
"CUST-88732","2026-01-18","New Britain, PA","Delivery","Wrong address/dropoff","Phone","Urgent","The delivery photo showed a location that was not my address."
"CUST-25163","2026-03-12","Willow Grove, PA","Delivery","Damaged/spilled","Phone","Low","The delivery bag was damaged and food had spilled inside it."
"CUST-85617","2025-10-05","Doylestown, PA","Food Quality","Cold food","Google Review","High","The taco salad tasted like it had been sitting out for a while."
"CUST-88855","2026-07-14","Cherry Hill, NJ","Order Accuracy","Customization ignored","Mobile App","Moderate","My dietary customization (no cilantro) was not honored. I tried to resolve it at the restaurant but did not get much help."
"CUST-29323","2025-11-21","Cherry Hill, NJ","Order Accuracy","Wrong item","Uber Eats","Moderate","I ordered a street corn, but received a completely different item. I tried to resolve it at the restaurant but did not get much help."
"CUST-85231","2026-04-15","Allentown, PA","Order Accuracy","Customization ignored","Website","Low","My dietary customization (no cheese) was not honored."
"CUST-37605","2026-01-18","Lansdale, PA","Delivery","Late delivery","Mobile App","High","The order was very late and the food was cold by the time it arrived."
"CUST-81819","2026-07-04","Philadelphia, PA","Billing & Pricing","Overcharged","Mobile App","Urgent","I was charged more than the price shown on the menu."
"CUST-35571","2025-12-23","Princeton, NJ","Order Accuracy","Customization ignored","Email","Moderate","The order clearly said no cilantro, and the restaurant did not follow it. The receipt and order confirmation both show what I originally requested."
"CUST-73234","2025-10-23","Willow Grove, PA","Order Accuracy","Missing item","Mobile App","Moderate","I paid for a churros, but it was not in the bag."
"CUST-29346","2026-05-22","Philadelphia, PA","App & Online Ordering","App error","Website","Moderate","The app crashed while I was trying to place my order."
"CUST-25380","2026-03-31","Princeton, NJ","Product Availability","Substitution","Mobile App","High","I would rather have received a refund than an unrequested substitution."
"CUST-88139","2026-02-20","Warrington, PA","Delivery","Wrong address/dropoff","Uber Eats","Moderate","My order was marked delivered, but it was not at my door. I have ordered from Taco Alley before and expected better."
"CUST-95615","2026-06-29","Allentown, PA","Delivery","Damaged/spilled","DoorDash","Low","The delivery bag was damaged and food had spilled inside it."
"CUST-85101","2026-04-18","Cherry Hill, NJ","Order Accuracy","Missing item","Phone","Low","My order was missing the steak burrito."
"CUST-26414","2026-06-27","New Britain, PA","Service","Ignored customer","DoorDash","Low","I had to ask three times before someone would check on my order."
"CUST-86640","2026-05-02","Princeton, NJ","Order Accuracy","Customization ignored","Uber Eats","Low","My dietary customization (no cilantro) was not honored."
"CUST-68619","2026-07-22","King of Prussia, PA","Billing & Pricing","Duplicate charge","Mobile App","Low","My card was charged twice for the same order."
"CUST-76341","2025-08-18","Willow Grove, PA","Food Quality","Incorrect preparation","Website","Urgent","My nachos was prepared completely differently from what I ordered."
"CUST-74283","2025-12-29","King of Prussia, PA","Order Accuracy","Customization ignored","Uber Eats","Low","I requested no cheese, but that customization was ignored. I hope this can be addressed before my next visit."
"CUST-28568","2025-08-23","Willow Grove, PA","Service","Slow service","Phone","Low","It took 20 minutes before my order was ready."
"CUST-43419","2025-10-05","Willow Grove, PA","App & Online Ordering","App error","DoorDash","Low","The app crashed while I was trying to place my order."
"CUST-19248","2026-07-22","Willow Grove, PA","Order Accuracy","Missing item","Mobile App","Moderate","I paid for a guacamole, but it was not in the bag."
"CUST-89116","2026-01-09","Lansdale, PA","Product Availability","Out of stock","DoorDash","Moderate","I came specifically for the fish tacos, but it was sold out."
"CUST-45815","2025-09-15","Warrington, PA","Food Quality","Cold food","Google Review","High","Everything in my order was lukewarm, especially the steak burrito."
"CUST-26187","2025-11-22","Warrington, PA","App & Online Ordering","App error","DoorDash","High","I kept getting an error when adding items to my cart."
"CUST-89621","2026-05-20","New Britain, PA","Service","Slow service","Email","Moderate","It took 60 minutes before my order was ready."
"CUST-26721","2026-07-14","Willow Grove, PA","App & Online Ordering","App error","DoorDash","Moderate","I kept getting an error when adding items to my cart."
"CUST-93780","2026-08-12","King of Prussia, PA","Food Quality","Portion size","Email","Low","The serving size has gotten noticeably smaller."
"CUST-66068","2026-03-28","Princeton, NJ","Billing & Pricing","Overcharged","Email","Low","My total was incorrect and I appear to have been overcharged. I tried to resolve it at the restaurant but did not get much help."
"CUST-20052","2026-01-08","Lansdale, PA","Product Availability","Out of stock","Website","Moderate","Several menu items were unavailable when I tried to order."
"CUST-65572","2026-04-10","Princeton, NJ","Product Availability","Out of stock","In-store","Urgent","I came specifically for the chicken tacos, but it was sold out."
"CUST-55227","2025-08-04","Lansdale, PA","App & Online Ordering","App error","DoorDash","Moderate","I kept getting an error when adding items to my cart. I have ordered from Taco Alley before and expected better."
"CUST-27474","2025-10-29","Princeton, NJ","Product Availability","Out of stock","Website","Moderate","I came specifically for the guacamole, but it was sold out."
"CUST-42737","2025-09-27","Princeton, NJ","Order Accuracy","Missing item","Google Review","High","I paid for a guacamole, but it was not in the bag."
"CUST-49953","2026-08-13","Princeton, NJ","App & Online Ordering","App error","DoorDash","Low","I kept getting an error when adding items to my cart. This was especially frustrating because I was ordering during my lunch break."
"CUST-56385","2026-06-12","New Britain, PA","Cleanliness","Dining area","Uber Eats","Low","The dining room floor was sticky and covered with food debris."
"CUST-30147","2025-11-10","Philadelphia, PA","Food Quality","Incorrect preparation","Website","Moderate","The kitchen ignored my request for no cheese."
"CUST-33878","2026-02-08","Princeton, NJ","Food Quality","Undercooked/overcooked","Email","Moderate","The quesadilla was badly overcooked and dry."
"CUST-36013","2026-03-11","New Britain, PA","Cleanliness","Dining area","In-store","Moderate","The dining room floor was sticky and covered with food debris. The receipt and order confirmation both show what I originally requested."
"CUST-97194","2025-10-22","Willow Grove, PA","Food Quality","Cold food","Phone","High","My chips and queso was cold when I received it."
"CUST-24139","2026-02-21","Doylestown, PA","Food Quality","Undercooked/overcooked","DoorDash","Moderate","The meat in the guacamole was cooked far too long and was tough."
"CUST-11052","2026-01-23","Philadelphia, PA","Food Quality","Stale ingredients","DoorDash","Urgent","The chicken tacos tasted like it had been made with yesterday's ingredients."
"CUST-25075","2026-08-09","Willow Grove, PA","Service","Slow service","Mobile App","Low","Service was extremely slow even though the restaurant was not busy."
"CUST-87489","2025-09-22","Warrington, PA","Product Availability","Out of stock","Mobile App","Low","I came specifically for the chips and queso, but it was sold out."
"CUST-21919","2026-03-07","Doylestown, PA","Order Accuracy","Missing item","In-store","Moderate","I paid for a chicken tacos, but it was not in the bag."
"CUST-94393","2026-04-03","Doylestown, PA","Order Accuracy","Customization ignored","In-store","Moderate","The order clearly said gluten-free preparation, and the restaurant did not follow it."
"CUST-96563","2025-11-02","King of Prussia, PA","Order Accuracy","Wrong item","In-store","Low","The bag had someone else's rice bowl instead of mine. This was especially frustrating because I was ordering during my lunch break."
"CUST-22699","2026-02-03","Doylestown, PA","Food Quality","Undercooked/overcooked","Google Review","Moderate","My churros seemed undercooked and I did not feel comfortable eating it. Please contact me about a refund or replacement."
"CUST-37529","2026-02-07","Cherry Hill, NJ","Billing & Pricing","Overcharged","Phone","Moderate","There is an extra charge on my receipt that I do not recognize."
"CUST-68427","2026-07-02","New Britain, PA","Order Accuracy","Missing item","Phone","Low","My order was missing the breakfast burrito."
"CUST-35127","2025-11-12","Philadelphia, PA","Food Quality","Portion size","Mobile App","Low","The serving size has gotten noticeably smaller."
"CUST-64919","2025-09-30","Princeton, NJ","Delivery","Damaged/spilled","DoorDash","Low","The delivery bag was damaged and food had spilled inside it."
"CUST-62100","2025-09-01","Allentown, PA","App & Online Ordering","Menu mismatch","Phone","Moderate","The app let me order an item that the restaurant said was unavailable. I hope this can be addressed before my next visit."
"CUST-37122","2026-02-16","Warrington, PA","Billing & Pricing","Duplicate charge","DoorDash","High","My card was charged twice for the same order."
"CUST-38879","2026-07-29","Willow Grove, PA","Food Quality","Portion size","Email","Low","The portion of churros was much smaller than I expected for the price."
"CUST-46406","2025-12-28","Warrington, PA","Billing & Pricing","Duplicate charge","In-store","High","My card was charged twice for the same order."
"CUST-81994","2026-01-25","Willow Grove, PA","Order Accuracy","Missing item","Google Review","Low","We got home and realized one of the nachos items was missing. The receipt and order confirmation both show what I originally requested."
"CUST-46659","2025-08-06","Warrington, PA","Billing & Pricing","Promotion not applied","Google Review","Low","The app showed a deal, but the restaurant would not honor it."
"CUST-38919","2025-12-10","King of Prussia, PA","Order Accuracy","Missing item","Phone","High","We got home and realized one of the breakfast burrito items was missing."
"CUST-72784","2026-03-11","New Britain, PA","Order Accuracy","Customization ignored","Google Review","Low","My dietary customization (extra salsa) was not honored. The receipt and order confirmation both show what I originally requested."
"CUST-12758","2026-08-09","Willow Grove, PA","Service","Slow service","Mobile App","Moderate","I waited 75 minutes for a simple order."
"CUST-62757","2025-12-04","New Britain, PA","Food Quality","Incorrect preparation","Uber Eats","High","The kitchen ignored my request for gluten-free preparation. Please contact me about a refund or replacement."
"CUST-94473","2025-09-26","Doylestown, PA","Billing & Pricing","Overcharged","In-store","Moderate","My total was incorrect and I appear to have been overcharged."
"CUST-21136","2025-09-24","Lansdale, PA","Food Quality","Cold food","Google Review","High","The quesadilla tasted like it had been sitting out for a while."
"CUST-45056","2025-12-03","Princeton, NJ","Food Quality","Portion size","In-store","Moderate","There was barely any filling in my quesadilla."
"CUST-39401","2026-03-01","Doylestown, PA","Food Quality","Cold food","Mobile App","Low","My street corn was cold when I received it."
"CUST-24733","2026-07-17","Allentown, PA","Order Accuracy","Wrong item","DoorDash","Moderate","I ordered a fish tacos, but received a completely different item."
"CUST-21115","2025-09-30","Doylestown, PA","Food Quality","Cold food","Google Review","High","My steak burrito was cold when I received it. I tried to resolve it at the restaurant but did not get much help."
"CUST-47618","2025-10-16","King of Prussia, PA","Delivery","Late delivery","Email","Moderate","The order was very late and the food was cold by the time it arrived. Please contact me about a refund or replacement."
"CUST-29482","2026-07-31","Warrington, PA","App & Online Ordering","Order not received","Website","High","The app confirmed my order, but the restaurant had no record of it."
"CUST-52343","2026-08-08","Warrington, PA","Order Accuracy","Wrong item","Email","Low","The bag had someone else's taco salad instead of mine. Please contact me about a refund or replacement."
"CUST-95715","2026-02-28","Lansdale, PA","Food Quality","Undercooked/overcooked","Google Review","Moderate","My fish tacos seemed undercooked and I did not feel comfortable eating it."
"CUST-65291","2025-11-26","Princeton, NJ","Order Accuracy","Customization ignored","DoorDash","Low","The order clearly said extra guacamole, and the restaurant did not follow it."
"CUST-72118","2025-11-13","Warrington, PA","Delivery","Wrong address/dropoff","In-store","Moderate","The delivery photo showed a location that was not my address."
"CUST-39437","2026-05-10","Doylestown, PA","App & Online Ordering","App error","DoorDash","Low","I kept getting an error when adding items to my cart."
"CUST-23894","2026-07-23","Cherry Hill, NJ","Billing & Pricing","Overcharged","DoorDash","Moderate","My total was incorrect and I appear to have been overcharged."
"CUST-64590","2025-09-09","Warrington, PA","Food Quality","Portion size","In-store","Moderate","The portion of chicken tacos was much smaller than I expected for the price. I have ordered from Taco Alley before and expected better."
"CUST-11731","2026-01-20","Willow Grove, PA","Billing & Pricing","Promotion not applied","Uber Eats","High","The app showed a deal, but the restaurant would not honor it."
"CUST-43823","2026-03-05","Cherry Hill, NJ","Food Quality","Cold food","Uber Eats","Moderate","Everything in my order was lukewarm, especially the chicken tacos. Please contact me about a refund or replacement."
"CUST-26401","2026-04-25","Lansdale, PA","Service","Ignored customer","DoorDash","Urgent","I stood at the counter for several minutes before anyone acknowledged me."
"CUST-95550","2025-09-09","Philadelphia, PA","Service","Rude staff","Uber Eats","Moderate","The employee at the counter was dismissive when I asked about my order."
"CUST-53970","2025-09-09","Doylestown, PA","Cleanliness","Dining area","Google Review","Moderate","Several tables were dirty and had not been wiped down. This was especially frustrating because I was ordering during my lunch break."
"CUST-93674","2026-01-06","Doylestown, PA","Order Accuracy","Missing item","Phone","Moderate","We got home and realized one of the steak burrito items was missing."
"CUST-22217","2026-04-05","Willow Grove, PA","Order Accuracy","Missing item","In-store","Low","We got home and realized one of the churros items was missing."
"CUST-98432","2026-08-07","New Britain, PA","Food Quality","Stale ingredients","Google Review","Urgent","The tortilla was stale and the vegetables seemed old."
"CUST-14903","2026-02-12","Willow Grove, PA","Order Accuracy","Customization ignored","Uber Eats","Moderate","My dietary customization (extra salsa) was not honored."
"CUST-31108","2026-07-15","Princeton, NJ","Food Quality","Undercooked/overcooked","Mobile App","High","The breakfast burrito was badly overcooked and dry."
"CUST-66479","2026-01-21","Doylestown, PA","Service","Ignored customer","Email","Moderate","I had to ask three times before someone would check on my order."
"CUST-11958","2025-10-18","Warrington, PA","App & Online Ordering","Menu mismatch","Uber Eats","Low","Prices in the app did not match the prices at the store."
"CUST-46715","2025-10-26","Cherry Hill, NJ","Billing & Pricing","Promotion not applied","Email","Low","The app showed a deal, but the restaurant would not honor it."
"CUST-28408","2025-12-10","New Britain, PA","Order Accuracy","Missing item","Uber Eats","Moderate","My order was missing the quesadilla."
"CUST-77171","2026-06-14","Cherry Hill, NJ","Product Availability","Substitution","Mobile App","Moderate","My order included a substitution I was never asked to approve."
"CUST-94392","2026-07-16","Doylestown, PA","Product Availability","Substitution","In-store","Moderate","My order included a substitution I was never asked to approve."
"CUST-62334","2025-12-27","New Britain, PA","Billing & Pricing","Overcharged","DoorDash","Low","My total was incorrect and I appear to have been overcharged."
"CUST-33628","2026-05-01","New Britain, PA","Order Accuracy","Wrong item","Uber Eats","Low","My receipt was correct, but the steak burrito in the bag was wrong."
"CUST-72419","2026-06-06","New Britain, PA","App & Online Ordering","Order not received","Uber Eats","Low","The app confirmed my order, but the restaurant had no record of it. I tried to resolve it at the restaurant but did not get much help."
"CUST-59844","2026-01-11","Doylestown, PA","Order Accuracy","Missing item","In-store","Urgent","We got home and realized one of the quesadilla items was missing."
"CUST-93320","2026-07-17","Warrington, PA","App & Online Ordering","Order not received","DoorDash","Low","The app confirmed my order, but the restaurant had no record of it. This was especially frustrating because I was ordering during my lunch break."
"CUST-97771","2026-03-20","Willow Grove, PA","Food Quality","Cold food","DoorDash","Moderate","The chips and queso tasted like it had been sitting out for a while."
"CUST-31061","2026-03-03","Philadelphia, PA","Food Quality","Cold food","Uber Eats","Moderate","My chips and queso was cold when I received it. I tried to resolve it at the restaurant but did not get much help."
"CUST-97551","2026-06-02","Cherry Hill, NJ","Order Accuracy","Customization ignored","Phone","Low","My dietary customization (no cheese) was not honored."
"CUST-24890","2025-10-15","Philadelphia, PA","Delivery","Damaged/spilled","Uber Eats","High","The delivery bag was damaged and food had spilled inside it. Please contact me about a refund or replacement."
"CUST-34596","2026-05-24","Philadelphia, PA","Order Accuracy","Customization ignored","Website","Low","I requested extra salsa, but that customization was ignored."
"CUST-57683","2026-07-14","Doylestown, PA","Billing & Pricing","Overcharged","In-store","Moderate","My total was incorrect and I appear to have been overcharged. I have ordered from Taco Alley before and expected better."
"CUST-65816","2026-01-28","Princeton, NJ","Order Accuracy","Wrong item","Google Review","High","My receipt was correct, but the steak burrito in the bag was wrong."
"CUST-60012","2026-05-11","Willow Grove, PA","Product Availability","Substitution","Mobile App","Moderate","My order included a substitution I was never asked to approve."
"CUST-23606","2025-09-20","New Britain, PA","Cleanliness","Food handling","Website","High","I was concerned by the way employees were handling ready-to-eat ingredients."
"CUST-14277","2025-09-21","Willow Grove, PA","Delivery","Wrong address/dropoff","Uber Eats","High","My order was marked delivered, but it was not at my door."
"CUST-70810","2025-10-03","Philadelphia, PA","App & Online Ordering","App error","Google Review","Urgent","The app crashed while I was trying to place my order. Please contact me about a refund or replacement."
"CUST-96334","2025-11-23","Willow Grove, PA","App & Online Ordering","Menu mismatch","Email","Low","The online menu showed options that this location does not carry."
"CUST-78021","2025-10-18","Cherry Hill, NJ","Order Accuracy","Wrong item","Google Review","High","My receipt was correct, but the nachos in the bag was wrong. This was especially frustrating because I was ordering during my lunch break."
"CUST-85740","2025-11-07","Philadelphia, PA","Order Accuracy","Missing item","DoorDash","High","We got home and realized one of the chips and queso items was missing."
"CUST-26558","2026-03-12","Princeton, NJ","Food Quality","Undercooked/overcooked","Phone","Low","The meat in the quesadilla was cooked far too long and was tough."
"CUST-67333","2025-11-13","Doylestown, PA","Food Quality","Portion size","Website","Low","There was barely any filling in my breakfast burrito. I tried to resolve it at the restaurant but did not get much help."
"CUST-93160","2026-08-11","King of Prussia, PA","Delivery","Wrong address/dropoff","Mobile App","Urgent","The driver left my order at the wrong house."
"CUST-28844","2026-07-04","Doylestown, PA","Food Quality","Incorrect preparation","In-store","Low","The kitchen ignored my request for gluten-free preparation."
"CUST-22160","2025-12-23","New Britain, PA","Delivery","Wrong address/dropoff","Email","Urgent","The driver left my order at the wrong house. I have ordered from Taco Alley before and expected better."
"CUST-92009","2026-02-28","New Britain, PA","Service","Slow service","Website","Moderate","I waited 50 minutes for a simple order."
"CUST-54932","2025-10-31","King of Prussia, PA","Food Quality","Undercooked/overcooked","In-store","Moderate","My fish tacos seemed undercooked and I did not feel comfortable eating it. This was especially frustrating because I was ordering during my lunch break."
"CUST-13873","2025-12-09","Princeton, NJ","Service","Ignored customer","Website","Low","I had to ask three times before someone would check on my order."
"CUST-20937","2025-08-16","Warrington, PA","Food Quality","Portion size","Google Review","Low","The portion of nachos was much smaller than I expected for the price."
"CUST-62421","2026-03-28","Lansdale, PA","Order Accuracy","Wrong item","Uber Eats","Moderate","I ordered a steak burrito, but received a completely different item."
"CUST-73941","2026-01-07","Philadelphia, PA","Order Accuracy","Missing item","Mobile App","High","We got home and realized one of the taco salad items was missing. I hope this can be addressed before my next visit."
"CUST-84336","2026-06-07","King of Prussia, PA","App & Online Ordering","Order not received","DoorDash","Moderate","My online order disappeared even though my payment went through."
"CUST-94554","2025-12-08","Princeton, NJ","Order Accuracy","Customization ignored","DoorDash","Low","I requested extra salsa, but that customization was ignored."
"CUST-96108","2026-01-31","King of Prussia, PA","Order Accuracy","Missing item","Phone","Low","My order was missing the quesadilla."
"CUST-52147","2025-11-18","Lansdale, PA","Order Accuracy","Wrong item","Uber Eats","Moderate","I ordered a chicken tacos, but received a completely different item."
"CUST-94707","2025-12-21","Philadelphia, PA","Delivery","Damaged/spilled","Website","Moderate","My churros was crushed during delivery. I hope this can be addressed before my next visit."
"CUST-65212","2026-04-13","New Britain, PA","Billing & Pricing","Promotion not applied","In-store","Urgent","I used a valid coupon, but the discount was not reflected in my total. Please contact me about a refund or replacement."
"CUST-85465","2025-12-24","Doylestown, PA","Food Quality","Incorrect preparation","In-store","Moderate","My fish tacos was prepared completely differently from what I ordered."
"CUST-19103","2025-08-21","Allentown, PA","App & Online Ordering","Order not received","Google Review","Moderate","I placed and paid for an online order, but the store said they never received it."
"CUST-51048","2026-02-21","Allentown, PA","Food Quality","Undercooked/overcooked","Website","High","The meat in the rice bowl was cooked far too long and was tough."
"CUST-23466","2025-10-02","Doylestown, PA","Delivery","Damaged/spilled","Google Review","High","My taco salad was crushed during delivery."
"CUST-80458","2025-11-06","Doylestown, PA","Order Accuracy","Missing item","Google Review","High","My order was missing the steak burrito. This was especially frustrating because I was ordering during my lunch break."
"CUST-90314","2025-09-08","Philadelphia, PA","App & Online Ordering","App error","Email","Low","I kept getting an error when adding items to my cart."
"CUST-97586","2026-05-27","New Britain, PA","Order Accuracy","Missing item","DoorDash","Moderate","My order was missing the churros. I have ordered from Taco Alley before and expected better."
"CUST-44578","2026-08-10","Willow Grove, PA","Service","Rude staff","Uber Eats","Low","Customer service was poor and the cashier was unnecessarily disrespectful."
"CUST-38329","2025-08-31","Allentown, PA","Billing & Pricing","Promotion not applied","Phone","Low","The app showed a deal, but the restaurant would not honor it. Please contact me about a refund or replacement."
"CUST-50871","2026-04-28","Allentown, PA","Cleanliness","Dining area","Google Review","Moderate","The dining room floor was sticky and covered with food debris."
"CUST-34635","2026-03-20","New Britain, PA","Delivery","Wrong address/dropoff","Phone","High","The driver left my order at the wrong house."
"CUST-70404","2025-09-24","Warrington, PA","Order Accuracy","Missing item","Website","Low","We got home and realized one of the rice bowl items was missing."
"CUST-29742","2025-09-13","Philadelphia, PA","Order Accuracy","Wrong item","Google Review","Moderate","My receipt was correct, but the street corn in the bag was wrong. I hope this can be addressed before my next visit."
"CUST-65389","2025-08-26","Lansdale, PA","Service","Ignored customer","DoorDash","Moderate","Multiple employees walked past me without offering help."
"CUST-16536","2026-04-23","Lansdale, PA","Order Accuracy","Wrong item","DoorDash","Low","I ordered a churros, but received a completely different item."
"CUST-91293","2026-04-30","Philadelphia, PA","Product Availability","Out of stock","Website","Low","The restaurant was out of chicken tacos again. This was especially frustrating because I was ordering during my lunch break."
"CUST-47745","2026-01-25","Doylestown, PA","Order Accuracy","Missing item","Email","Moderate","My order was missing the taco salad. I have ordered from Taco Alley before and expected better."
"CUST-99318","2026-07-19","New Britain, PA","Food Quality","Portion size","Phone","Low","The serving size has gotten noticeably smaller."
"CUST-20089","2025-08-11","Warrington, PA","Food Quality","Stale ingredients","Mobile App","Urgent","The tortilla was stale and the vegetables seemed old."
"CUST-12279","2026-03-30","Cherry Hill, NJ","Billing & Pricing","Overcharged","Website","Low","My total was incorrect and I appear to have been overcharged. I have ordered from Taco Alley before and expected better."
"CUST-53997","2025-09-21","Allentown, PA","Billing & Pricing","Promotion not applied","Email","High","The advertised promotion did not apply at checkout."
"CUST-53743","2025-08-07","Princeton, NJ","Service","Slow service","Google Review","Low","It took 35 minutes before my order was ready."
"CUST-38869","2025-08-11","Warrington, PA","Cleanliness","Food handling","Mobile App","Urgent","The food preparation area did not look clean."
"CUST-45903","2025-11-08","Princeton, NJ","Order Accuracy","Missing item","DoorDash","Moderate","My order was missing the churros. This was especially frustrating because I was ordering during my lunch break."
"CUST-46208","2026-02-17","Willow Grove, PA","App & Online Ordering","Order not received","DoorDash","High","My online order disappeared even though my payment went through."
"CUST-11092","2026-05-18","Allentown, PA","Food Quality","Portion size","Google Review","Low","The serving size has gotten noticeably smaller. Please contact me about a refund or replacement."
"CUST-47782","2026-06-16","New Britain, PA","App & Online Ordering","App error","Mobile App","Low","I kept getting an error when adding items to my cart."
"CUST-10667","2025-10-03","Philadelphia, PA","Cleanliness","Dining area","In-store","Moderate","The dining room floor was sticky and covered with food debris."
"CUST-45477","2026-04-15","Warrington, PA","Order Accuracy","Missing item","Mobile App","High","My order was missing the rice bowl."
"CUST-93498","2026-01-29","Philadelphia, PA","Product Availability","Out of stock","Phone","High","Several menu items were unavailable when I tried to order. Please contact me about a refund or replacement."
"CUST-28242","2026-07-14","Lansdale, PA","Service","Rude staff","Google Review","High","The staff member I spoke with was rude and seemed annoyed that I had a question."
"CUST-59278","2026-06-18","Philadelphia, PA","Order Accuracy","Wrong item","Uber Eats","Moderate","My receipt was correct, but the nachos in the bag was wrong. I hope this can be addressed before my next visit."
"CUST-66055","2026-07-31","Allentown, PA","Food Quality","Portion size","Google Review","Moderate","There was barely any filling in my taco salad."
"CUST-86064","2026-06-11","Princeton, NJ","Service","Slow service","Email","High","Service was extremely slow even though the restaurant was not busy. I have ordered from Taco Alley before and expected better."
"CUST-10780","2026-02-18","Allentown, PA","Order Accuracy","Customization ignored","Mobile App","Moderate","My dietary customization (no sour cream) was not honored."
"CUST-48086","2025-09-24","Cherry Hill, NJ","Cleanliness","Food handling","Google Review","High","The food preparation area did not look clean. The receipt and order confirmation both show what I originally requested."
"CUST-98562","2026-05-15","Warrington, PA","Service","Slow service","Uber Eats","Low","I waited 30 minutes for a simple order."
"CUST-89140","2025-09-28","New Britain, PA","Order Accuracy","Wrong item","Website","Low","My receipt was correct, but the chicken tacos in the bag was wrong."
"CUST-25966","2026-03-16","Willow Grove, PA","Service","Rude staff","DoorDash","Low","The employee at the counter was dismissive when I asked about my order."
"CUST-93387","2026-07-03","Doylestown, PA","Service","Rude staff","Website","Moderate","The employee at the counter was dismissive when I asked about my order."
"CUST-74613","2025-12-27","King of Prussia, PA","Food Quality","Incorrect preparation","Website","High","I asked for gluten-free preparation, but the street corn was made incorrectly."
"CUST-69910","2026-03-06","New Britain, PA","Delivery","Damaged/spilled","Mobile App","Low","My taco salad was crushed during delivery."
"CUST-70076","2026-01-29","Willow Grove, PA","Delivery","Late delivery","Mobile App","Moderate","The delivery estimate kept changing and my food arrived much later than promised."
"CUST-32871","2026-04-26","Warrington, PA","Food Quality","Incorrect preparation","DoorDash","Moderate","The kitchen ignored my request for gluten-free preparation."
"CUST-94559","2026-01-03","Allentown, PA","Order Accuracy","Customization ignored","DoorDash","Low","My dietary customization (extra guacamole) was not honored. The receipt and order confirmation both show what I originally requested."
"CUST-52477","2026-04-17","Cherry Hill, NJ","Order Accuracy","Wrong item","Email","Low","My receipt was correct, but the breakfast burrito in the bag was wrong."
"CUST-23922","2025-10-21","Allentown, PA","Product Availability","Substitution","Phone","Low","I would rather have received a refund than an unrequested substitution. The receipt and order confirmation both show what I originally requested."
"CUST-65057","2025-10-29","New Britain, PA","App & Online Ordering","Order not received","DoorDash","Moderate","The app confirmed my order, but the restaurant had no record of it."
"CUST-52094","2026-06-07","New Britain, PA","Food Quality","Stale ingredients","In-store","High","The ingredients in my chicken tacos did not taste fresh."
"CUST-31245","2026-07-14","Philadelphia, PA","Billing & Pricing","Promotion not applied","Email","Low","The advertised promotion did not apply at checkout. Please contact me about a refund or replacement."
"CUST-84487","2025-08-03","Princeton, NJ","Cleanliness","Dining area","Google Review","High","Several tables were dirty and had not been wiped down. I have ordered from Taco Alley before and expected better."
"CUST-56725","2026-05-20","Cherry Hill, NJ","App & Online Ordering","Order not received","Uber Eats","Moderate","I placed and paid for an online order, but the store said they never received it."
"CUST-77796","2026-05-19","Willow Grove, PA","App & Online Ordering","App error","Website","Low","The app crashed while I was trying to place my order."
"CUST-18906","2025-12-07","Warrington, PA","Food Quality","Undercooked/overcooked","DoorDash","High","The chicken tacos was badly overcooked and dry. I tried to resolve it at the restaurant but did not get much help."
"CUST-17424","2026-04-14","Princeton, NJ","Product Availability","Out of stock","Email","Moderate","I came specifically for the churros, but it was sold out."
"CUST-17784","2025-12-12","Warrington, PA","Billing & Pricing","Overcharged","Phone","Low","My total was incorrect and I appear to have been overcharged. Please contact me about a refund or replacement."
"CUST-19275","2026-06-09","Philadelphia, PA","Food Quality","Stale ingredients","In-store","Low","The chicken tacos tasted like it had been made with yesterday's ingredients. I hope this can be addressed before my next visit."
"CUST-39523","2025-09-23","King of Prussia, PA","Delivery","Wrong address/dropoff","In-store","High","The driver left my order at the wrong house. This was especially frustrating because I was ordering during my lunch break."
"CUST-12371","2025-11-09","Princeton, NJ","Service","Slow service","DoorDash","Moderate","I waited 15 minutes for a simple order."
"CUST-25465","2026-05-09","Cherry Hill, NJ","Service","Slow service","Mobile App","Low","Service was extremely slow even though the restaurant was not busy."
"CUST-11317","2025-11-30","Lansdale, PA","Product Availability","Substitution","Phone","Low","The restaurant replaced my nachos without contacting me."
"CUST-33670","2025-09-09","Willow Grove, PA","Service","Ignored customer","In-store","Low","I had to ask three times before someone would check on my order."
"CUST-20011","2026-04-03","Willow Grove, PA","Food Quality","Stale ingredients","Website","Moderate","The breakfast burrito tasted like it had been made with yesterday's ingredients. Please contact me about a refund or replacement."
"CUST-48362","2026-01-02","Lansdale, PA","App & Online Ordering","App error","Google Review","High","I kept getting an error when adding items to my cart."
"CUST-36680","2026-02-27","Warrington, PA","Service","Slow service","Uber Eats","Low","Service was extremely slow even though the restaurant was not busy."
"CUST-67708","2025-10-12","Allentown, PA","Cleanliness","Food handling","In-store","Urgent","I saw an employee handle food and then touch the register without changing gloves."
"CUST-89920","2026-01-01","Philadelphia, PA","Product Availability","Out of stock","Website","Low","Several menu items were unavailable when I tried to order."
"CUST-96560","2026-07-04","Willow Grove, PA","Service","Slow service","DoorDash","Moderate","Service was extremely slow even though the restaurant was not busy. I have ordered from Taco Alley before and expected better."
"CUST-54688","2026-05-30","Cherry Hill, NJ","Food Quality","Stale ingredients","Phone","Moderate","The ingredients in my churros did not taste fresh."
"CUST-80092","2026-08-05","Allentown, PA","Service","Slow service","Email","High","It took 20 minutes before my order was ready."
"CUST-11990","2026-03-28","Willow Grove, PA","Service","Ignored customer","Phone","Low","I had to ask three times before someone would check on my order."
"CUST-96406","2025-08-20","Willow Grove, PA","Cleanliness","Restroom","Email","Moderate","The restroom was dirty and out of soap."
"CUST-12263","2025-12-14","Allentown, PA","Cleanliness","Food handling","Mobile App","Moderate","I saw an employee handle food and then touch the register without changing gloves."
"CUST-67729","2025-12-20","Warrington, PA","Food Quality","Cold food","Google Review","High","The guacamole tasted like it had been sitting out for a while. This was especially frustrating because I was ordering during my lunch break."
"CUST-95799","2025-10-15","Doylestown, PA","Order Accuracy","Wrong item","In-store","Low","The bag had someone else's guacamole instead of mine."
"CUST-43954","2025-11-25","Willow Grove, PA","Food Quality","Portion size","In-store","High","There was barely any filling in my churros."
"CUST-20151","2025-09-09","Lansdale, PA","Food Quality","Stale ingredients","Uber Eats","Low","The taco salad tasted like it had been made with yesterday's ingredients. This was especially frustrating because I was ordering during my lunch break."
"CUST-89556","2025-12-23","King of Prussia, PA","Food Quality","Portion size","Mobile App","Low","There was barely any filling in my breakfast burrito."
"CUST-29669","2025-10-22","Cherry Hill, NJ","Order Accuracy","Wrong item","Google Review","Low","My receipt was correct, but the fish tacos in the bag was wrong."
"CUST-29670","2026-05-26","Philadelphia, PA","Food Quality","Portion size","In-store","Moderate","The portion of fish tacos was much smaller than I expected for the price."
"CUST-25891","2026-05-22","Princeton, NJ","Billing & Pricing","Duplicate charge","DoorDash","High","My card was charged twice for the same order."
